venue_id,part_of_house,part_of_house_zh,row,block,block_area,bank,seat,seat_number,number_basis,marks,wheelchair,management,restricted_sightline,limited_legroom,orchestra_pits
hkcc-gt,Stalls 1,堂座1,A,1,,stalls1-left,1,1,printed,,0,0,0,0,
hkcc-gt,Stalls 1,堂座1,A,1,,stalls1-left,2,2,printed,,0,0,0,0,
hkcc-gt,Stalls 1,堂座1,A,1,,stalls1-left,3,3,printed,,0,0,0,0,
hkcc-gt,Stalls 1,堂座1,A,2,,stalls1-centre,12,12,printed,,0,0,0,0,
hkcc-gt,Stalls 1,堂座1,A,2,,stalls1-centre,13,13,printed,,0,0,0,0,
hkcc-gt,Stalls 1,堂座1,A,2,,stalls1-centre,14,14,printed,,0,0,0,0,
hkcc-gt,Stalls 1,堂座1,A,2,,stalls1-centre,15,15,printed,,0,0,0,0,
hkcc-gt,Stalls 1,堂座1,A,2,,stalls1-centre,16,16,printed,,0,0,0,0,
hkcc-gt,Stalls 1,堂座1,A,2,,stalls1-centre,17,17,printed,,0,0,0,0,
hkcc-gt,Stalls 1,堂座1,A,2,,stalls1-centre,18,18,printed,,0,0,0,0,
hkcc-gt,Stalls 1,堂座1,A,2,,stalls1-centre,19,19,printed,,0,0,0,0,
hkcc-gt,Stalls 1,堂座1,A,2,,stalls1-centre,20,20,printed,,0,0,0,0,
hkcc-gt,Stalls 1,堂座1,A,2,,stalls1-centre,21,21,printed,,0,0,0,0,
hkcc-gt,Stalls 1,堂座1,A,2,,stalls1-centre,22,22,printed,,0,0,0,0,
hkcc-gt,Stalls 1,堂座1,A,2,,stalls1-centre,23,23,printed,,0,0,0,0,
hkcc-gt,Stalls 1,堂座1,A,3,,stalls1-right,36,36,printed,,0,0,0,0,
hkcc-gt,Stalls 1,堂座1,A,3,,stalls1-right,37,37,printed,,0,0,0,0,
hkcc-gt,Stalls 1,堂座1,A,3,,stalls1-right,38,38,printed,,0,0,0,0,
hkcc-gt,Stalls 1,堂座1,B,1,,stalls1-left,1,1,printed,,0,0,0,0,
hkcc-gt,Stalls 1,堂座1,B,1,,stalls1-left,2,2,printed,,0,0,0,0,
hkcc-gt,Stalls 1,堂座1,B,1,,stalls1-left,3,3,printed,,0,0,0,0,
hkcc-gt,Stalls 1,堂座1,B,1,,stalls1-left,4,4,printed,,0,0,0,0,
hkcc-gt,Stalls 1,堂座1,B,2,,stalls1-centre,12,12,printed,,0,0,0,0,
hkcc-gt,Stalls 1,堂座1,B,2,,stalls1-centre,13,13,printed,,0,0,0,0,
hkcc-gt,Stalls 1,堂座1,B,2,,stalls1-centre,14,14,printed,,0,0,0,0,
hkcc-gt,Stalls 1,堂座1,B,2,,stalls1-centre,15,15,printed,,0,0,0,0,
hkcc-gt,Stalls 1,堂座1,B,2,,stalls1-centre,16,16,printed,,0,0,0,0,
hkcc-gt,Stalls 1,堂座1,B,2,,stalls1-centre,17,17,printed,,0,0,0,0,
hkcc-gt,Stalls 1,堂座1,B,2,,stalls1-centre,18,18,printed,,0,0,0,0,
hkcc-gt,Stalls 1,堂座1,B,2,,stalls1-centre,19,19,printed,,0,0,0,0,
hkcc-gt,Stalls 1,堂座1,B,2,,stalls1-centre,20,20,printed,,0,0,0,0,
hkcc-gt,Stalls 1,堂座1,B,2,,stalls1-centre,21,21,printed,,0,0,0,0,
hkcc-gt,Stalls 1,堂座1,B,2,,stalls1-centre,22,22,printed,,0,0,0,0,
hkcc-gt,Stalls 1,堂座1,B,2,,stalls1-centre,23,23,printed,,0,0,0,0,
hkcc-gt,Stalls 1,堂座1,B,2,,stalls1-centre,24,24,printed,,0,0,0,0,
hkcc-gt,Stalls 1,堂座1,B,3,,stalls1-right,36,36,printed,,0,0,0,0,
hkcc-gt,Stalls 1,堂座1,B,3,,stalls1-right,37,37,printed,,0,0,0,0,
hkcc-gt,Stalls 1,堂座1,B,3,,stalls1-right,38,38,printed,,0,0,0,0,
hkcc-gt,Stalls 1,堂座1,B,3,,stalls1-right,39,39,printed,,0,0,0,0,
hkcc-gt,Stalls 1,堂座1,C,1,,stalls1-left,1,1,printed,,0,0,0,0,
hkcc-gt,Stalls 1,堂座1,C,1,,stalls1-left,2,2,printed,,0,0,0,0,
hkcc-gt,Stalls 1,堂座1,C,1,,stalls1-left,3,3,printed,,0,0,0,0,
hkcc-gt,Stalls 1,堂座1,C,1,,stalls1-left,4,4,printed,,0,0,0,0,
hkcc-gt,Stalls 1,堂座1,C,2,,stalls1-centre,12,12,printed,,0,0,0,0,
hkcc-gt,Stalls 1,堂座1,C,2,,stalls1-centre,13,13,printed,,0,0,0,0,
hkcc-gt,Stalls 1,堂座1,C,2,,stalls1-centre,14,14,printed,,0,0,0,0,
hkcc-gt,Stalls 1,堂座1,C,2,,stalls1-centre,15,15,printed,,0,0,0,0,
hkcc-gt,Stalls 1,堂座1,C,2,,stalls1-centre,16,16,printed,,0,0,0,0,
hkcc-gt,Stalls 1,堂座1,C,2,,stalls1-centre,17,17,printed,,0,0,0,0,
hkcc-gt,Stalls 1,堂座1,C,2,,stalls1-centre,18,18,printed,,0,0,0,0,
hkcc-gt,Stalls 1,堂座1,C,2,,stalls1-centre,19,19,printed,,0,0,0,0,
hkcc-gt,Stalls 1,堂座1,C,2,,stalls1-centre,20,20,printed,,0,0,0,0,
hkcc-gt,Stalls 1,堂座1,C,2,,stalls1-centre,21,21,printed,,0,0,0,0,
hkcc-gt,Stalls 1,堂座1,C,2,,stalls1-centre,22,22,printed,,0,0,0,0,
hkcc-gt,Stalls 1,堂座1,C,2,,stalls1-centre,23,23,printed,,0,0,0,0,
hkcc-gt,Stalls 1,堂座1,C,2,,stalls1-centre,24,24,printed,,0,0,0,0,
hkcc-gt,Stalls 1,堂座1,C,2,,stalls1-centre,25,25,printed,,0,0,0,0,
hkcc-gt,Stalls 1,堂座1,C,3,,stalls1-right,36,36,printed,,0,0,0,0,
hkcc-gt,Stalls 1,堂座1,C,3,,stalls1-right,37,37,printed,,0,0,0,0,
hkcc-gt,Stalls 1,堂座1,C,3,,stalls1-right,38,38,printed,,0,0,0,0,
hkcc-gt,Stalls 1,堂座1,C,3,,stalls1-right,39,39,printed,,0,0,0,0,
hkcc-gt,Stalls 1,堂座1,D,1,,stalls1-left,1,1,printed,,0,0,0,0,
hkcc-gt,Stalls 1,堂座1,D,1,,stalls1-left,2,2,printed,,0,0,0,0,
hkcc-gt,Stalls 1,堂座1,D,1,,stalls1-left,3,3,printed,,0,0,0,0,
hkcc-gt,Stalls 1,堂座1,D,1,,stalls1-left,4,4,printed,,0,0,0,0,
hkcc-gt,Stalls 1,堂座1,D,1,,stalls1-left,5,5,printed,,0,0,0,0,
hkcc-gt,Stalls 1,堂座1,D,2,,stalls1-centre,12,12,printed,,0,0,0,0,
hkcc-gt,Stalls 1,堂座1,D,2,,stalls1-centre,13,13,printed,,0,0,0,0,
hkcc-gt,Stalls 1,堂座1,D,2,,stalls1-centre,14,14,printed,,0,0,0,0,
hkcc-gt,Stalls 1,堂座1,D,2,,stalls1-centre,15,15,printed,,0,0,0,0,
hkcc-gt,Stalls 1,堂座1,D,2,,stalls1-centre,16,16,printed,,0,0,0,0,
hkcc-gt,Stalls 1,堂座1,D,2,,stalls1-centre,17,17,printed,,0,0,0,0,
hkcc-gt,Stalls 1,堂座1,D,2,,stalls1-centre,18,18,printed,,0,0,0,0,
hkcc-gt,Stalls 1,堂座1,D,2,,stalls1-centre,19,19,printed,,0,0,0,0,
hkcc-gt,Stalls 1,堂座1,D,2,,stalls1-centre,20,20,printed,,0,0,0,0,
hkcc-gt,Stalls 1,堂座1,D,2,,stalls1-centre,21,21,printed,,0,0,0,0,
hkcc-gt,Stalls 1,堂座1,D,2,,stalls1-centre,22,22,printed,,0,0,0,0,
hkcc-gt,Stalls 1,堂座1,D,2,,stalls1-centre,23,23,printed,,0,0,0,0,
hkcc-gt,Stalls 1,堂座1,D,2,,stalls1-centre,24,24,printed,,0,0,0,0,
hkcc-gt,Stalls 1,堂座1,D,2,,stalls1-centre,25,25,printed,,0,0,0,0,
hkcc-gt,Stalls 1,堂座1,D,2,,stalls1-centre,26,26,printed,,0,0,0,0,
hkcc-gt,Stalls 1,堂座1,D,3,,stalls1-right,36,36,printed,,0,0,0,0,
hkcc-gt,Stalls 1,堂座1,D,3,,stalls1-right,37,37,printed,,0,0,0,0,
hkcc-gt,Stalls 1,堂座1,D,3,,stalls1-right,38,38,printed,,0,0,0,0,
hkcc-gt,Stalls 1,堂座1,D,3,,stalls1-right,39,39,printed,,0,0,0,0,
hkcc-gt,Stalls 1,堂座1,D,3,,stalls1-right,40,40,printed,,0,0,0,0,
hkcc-gt,Stalls 1,堂座1,E,1,,stalls1-left,1,1,printed,,0,0,0,0,
hkcc-gt,Stalls 1,堂座1,E,1,,stalls1-left,2,2,printed,,0,0,0,0,
hkcc-gt,Stalls 1,堂座1,E,1,,stalls1-left,3,3,printed,,0,0,0,0,
hkcc-gt,Stalls 1,堂座1,E,1,,stalls1-left,4,4,printed,,0,0,0,0,
hkcc-gt,Stalls 1,堂座1,E,1,,stalls1-left,5,5,printed,,0,0,0,0,
hkcc-gt,Stalls 1,堂座1,E,2,,stalls1-centre,12,12,printed,,0,0,0,0,
hkcc-gt,Stalls 1,堂座1,E,2,,stalls1-centre,13,13,printed,,0,0,0,0,
hkcc-gt,Stalls 1,堂座1,E,2,,stalls1-centre,14,14,printed,,0,0,0,0,
hkcc-gt,Stalls 1,堂座1,E,2,,stalls1-centre,15,15,printed,,0,0,0,0,
hkcc-gt,Stalls 1,堂座1,E,2,,stalls1-centre,16,16,printed,,0,0,0,0,
hkcc-gt,Stalls 1,堂座1,E,2,,stalls1-centre,17,17,printed,,0,0,0,0,
hkcc-gt,Stalls 1,堂座1,E,2,,stalls1-centre,18,18,printed,,0,0,0,0,
hkcc-gt,Stalls 1,堂座1,E,2,,stalls1-centre,19,19,printed,,0,0,0,0,
hkcc-gt,Stalls 1,堂座1,E,2,,stalls1-centre,20,20,printed,,0,0,0,0,
hkcc-gt,Stalls 1,堂座1,E,2,,stalls1-centre,21,21,printed,,0,0,0,0,
hkcc-gt,Stalls 1,堂座1,E,2,,stalls1-centre,22,22,printed,,0,0,0,0,
hkcc-gt,Stalls 1,堂座1,E,2,,stalls1-centre,23,23,printed,,0,0,0,0,
hkcc-gt,Stalls 1,堂座1,E,2,,stalls1-centre,24,24,printed,,0,0,0,0,
hkcc-gt,Stalls 1,堂座1,E,2,,stalls1-centre,25,25,printed,,0,0,0,0,
hkcc-gt,Stalls 1,堂座1,E,2,,stalls1-centre,26,26,printed,,0,0,0,0,
hkcc-gt,Stalls 1,堂座1,E,2,,stalls1-centre,27,27,printed,,0,0,0,0,
hkcc-gt,Stalls 1,堂座1,E,3,,stalls1-right,36,36,printed,,0,0,0,0,
hkcc-gt,Stalls 1,堂座1,E,3,,stalls1-right,37,37,printed,,0,0,0,0,
hkcc-gt,Stalls 1,堂座1,E,3,,stalls1-right,38,38,printed,,0,0,0,0,
hkcc-gt,Stalls 1,堂座1,E,3,,stalls1-right,39,39,printed,,0,0,0,0,
hkcc-gt,Stalls 1,堂座1,E,3,,stalls1-right,40,40,printed,,0,0,0,0,
hkcc-gt,Stalls 1,堂座1,F,1,,stalls1-left,1,1,printed,,0,0,0,0,
hkcc-gt,Stalls 1,堂座1,F,1,,stalls1-left,2,2,printed,,0,0,0,0,
hkcc-gt,Stalls 1,堂座1,F,1,,stalls1-left,3,3,printed,,0,0,0,0,
hkcc-gt,Stalls 1,堂座1,F,1,,stalls1-left,4,4,printed,,0,0,0,0,
hkcc-gt,Stalls 1,堂座1,F,1,,stalls1-left,5,5,printed,,0,0,0,0,
hkcc-gt,Stalls 1,堂座1,F,1,,stalls1-left,6,6,printed,,0,0,0,0,
hkcc-gt,Stalls 1,堂座1,F,2,,stalls1-centre,12,12,printed,,0,0,0,0,
hkcc-gt,Stalls 1,堂座1,F,2,,stalls1-centre,13,13,printed,,0,0,0,0,
hkcc-gt,Stalls 1,堂座1,F,2,,stalls1-centre,14,14,printed,,0,0,0,0,
hkcc-gt,Stalls 1,堂座1,F,2,,stalls1-centre,15,15,printed,,0,0,0,0,
hkcc-gt,Stalls 1,堂座1,F,2,,stalls1-centre,16,16,printed,,0,0,0,0,
hkcc-gt,Stalls 1,堂座1,F,2,,stalls1-centre,17,17,printed,,0,0,0,0,
hkcc-gt,Stalls 1,堂座1,F,2,,stalls1-centre,18,18,printed,,0,0,0,0,
hkcc-gt,Stalls 1,堂座1,F,2,,stalls1-centre,19,19,printed,,0,0,0,0,
hkcc-gt,Stalls 1,堂座1,F,2,,stalls1-centre,20,20,printed,,0,0,0,0,
hkcc-gt,Stalls 1,堂座1,F,2,,stalls1-centre,21,21,printed,,0,0,0,0,
hkcc-gt,Stalls 1,堂座1,F,2,,stalls1-centre,22,22,printed,,0,0,0,0,
hkcc-gt,Stalls 1,堂座1,F,2,,stalls1-centre,23,23,printed,,0,0,0,0,
hkcc-gt,Stalls 1,堂座1,F,2,,stalls1-centre,24,24,printed,,0,0,0,0,
hkcc-gt,Stalls 1,堂座1,F,2,,stalls1-centre,25,25,printed,,0,0,0,0,
hkcc-gt,Stalls 1,堂座1,F,2,,stalls1-centre,26,26,printed,,0,0,0,0,
hkcc-gt,Stalls 1,堂座1,F,2,,stalls1-centre,27,27,printed,,0,0,0,0,
hkcc-gt,Stalls 1,堂座1,F,2,,stalls1-centre,28,28,printed,,0,0,0,0,
hkcc-gt,Stalls 1,堂座1,F,3,,stalls1-right,36,36,printed,,0,0,0,0,
hkcc-gt,Stalls 1,堂座1,F,3,,stalls1-right,37,37,printed,,0,0,0,0,
hkcc-gt,Stalls 1,堂座1,F,3,,stalls1-right,38,38,printed,,0,0,0,0,
hkcc-gt,Stalls 1,堂座1,F,3,,stalls1-right,39,39,printed,,0,0,0,0,
hkcc-gt,Stalls 1,堂座1,F,3,,stalls1-right,40,40,printed,,0,0,0,0,
hkcc-gt,Stalls 1,堂座1,F,3,,stalls1-right,41,41,printed,,0,0,0,0,
hkcc-gt,Stalls 1,堂座1,G,1,,stalls1-left,1,1,printed,,0,0,0,0,
hkcc-gt,Stalls 1,堂座1,G,1,,stalls1-left,2,2,printed,,0,0,0,0,
hkcc-gt,Stalls 1,堂座1,G,1,,stalls1-left,3,3,printed,,0,0,0,0,
hkcc-gt,Stalls 1,堂座1,G,1,,stalls1-left,4,4,printed,,0,0,0,0,
hkcc-gt,Stalls 1,堂座1,G,1,,stalls1-left,5,5,printed,,0,0,0,0,
hkcc-gt,Stalls 1,堂座1,G,1,,stalls1-left,6,6,printed,,0,0,0,0,
hkcc-gt,Stalls 1,堂座1,G,2,,stalls1-centre,12,12,printed,,0,0,0,0,
hkcc-gt,Stalls 1,堂座1,G,2,,stalls1-centre,13,13,printed,,0,0,0,0,
hkcc-gt,Stalls 1,堂座1,G,2,,stalls1-centre,14,14,printed,,0,0,0,0,
hkcc-gt,Stalls 1,堂座1,G,2,,stalls1-centre,15,15,printed,,0,0,0,0,
hkcc-gt,Stalls 1,堂座1,G,2,,stalls1-centre,16,16,printed,,0,0,0,0,
hkcc-gt,Stalls 1,堂座1,G,2,,stalls1-centre,17,17,printed,,0,0,0,0,
hkcc-gt,Stalls 1,堂座1,G,2,,stalls1-centre,18,18,printed,,0,0,0,0,
hkcc-gt,Stalls 1,堂座1,G,2,,stalls1-centre,19,19,printed,,0,0,0,0,
hkcc-gt,Stalls 1,堂座1,G,2,,stalls1-centre,20,20,printed,,0,0,0,0,
hkcc-gt,Stalls 1,堂座1,G,2,,stalls1-centre,21,21,printed,,0,0,0,0,
hkcc-gt,Stalls 1,堂座1,G,2,,stalls1-centre,22,22,printed,,0,0,0,0,
hkcc-gt,Stalls 1,堂座1,G,2,,stalls1-centre,23,23,printed,,0,0,0,0,
hkcc-gt,Stalls 1,堂座1,G,2,,stalls1-centre,24,24,printed,,0,0,0,0,
hkcc-gt,Stalls 1,堂座1,G,2,,stalls1-centre,25,25,printed,,0,0,0,0,
hkcc-gt,Stalls 1,堂座1,G,2,,stalls1-centre,26,26,printed,,0,0,0,0,
hkcc-gt,Stalls 1,堂座1,G,2,,stalls1-centre,27,27,printed,,0,0,0,0,
hkcc-gt,Stalls 1,堂座1,G,2,,stalls1-centre,28,28,printed,,0,0,0,0,
hkcc-gt,Stalls 1,堂座1,G,2,,stalls1-centre,29,29,printed,,0,0,0,0,
hkcc-gt,Stalls 1,堂座1,G,3,,stalls1-right,36,36,printed,,0,0,0,0,
hkcc-gt,Stalls 1,堂座1,G,3,,stalls1-right,37,37,printed,,0,0,0,0,
hkcc-gt,Stalls 1,堂座1,G,3,,stalls1-right,38,38,printed,,0,0,0,0,
hkcc-gt,Stalls 1,堂座1,G,3,,stalls1-right,39,39,printed,,0,0,0,0,
hkcc-gt,Stalls 1,堂座1,G,3,,stalls1-right,40,40,printed,,0,0,0,0,
hkcc-gt,Stalls 1,堂座1,G,3,,stalls1-right,41,41,printed,,0,0,0,0,
hkcc-gt,Stalls 1,堂座1,H,1,,stalls1-left,1,1,printed,,0,0,0,0,
hkcc-gt,Stalls 1,堂座1,H,1,,stalls1-left,2,2,printed,,0,0,0,0,
hkcc-gt,Stalls 1,堂座1,H,1,,stalls1-left,3,3,printed,,0,0,0,0,
hkcc-gt,Stalls 1,堂座1,H,1,,stalls1-left,4,4,printed,,0,0,0,0,
hkcc-gt,Stalls 1,堂座1,H,1,,stalls1-left,5,5,printed,,0,0,0,0,
hkcc-gt,Stalls 1,堂座1,H,1,,stalls1-left,6,6,printed,,0,0,0,0,
hkcc-gt,Stalls 1,堂座1,H,1,,stalls1-left,7,7,printed,,0,0,0,0,
hkcc-gt,Stalls 1,堂座1,H,2,,stalls1-centre,12,12,printed,,0,0,0,0,
hkcc-gt,Stalls 1,堂座1,H,2,,stalls1-centre,13,13,printed,,0,0,0,0,
hkcc-gt,Stalls 1,堂座1,H,2,,stalls1-centre,14,14,printed,,0,0,0,0,
hkcc-gt,Stalls 1,堂座1,H,2,,stalls1-centre,15,15,printed,,0,0,0,0,
hkcc-gt,Stalls 1,堂座1,H,2,,stalls1-centre,16,16,printed,,0,0,0,0,
hkcc-gt,Stalls 1,堂座1,H,2,,stalls1-centre,17,17,printed,,0,0,0,0,
hkcc-gt,Stalls 1,堂座1,H,2,,stalls1-centre,18,18,printed,,0,0,0,0,
hkcc-gt,Stalls 1,堂座1,H,2,,stalls1-centre,19,19,printed,,0,0,0,0,
hkcc-gt,Stalls 1,堂座1,H,2,,stalls1-centre,20,20,printed,,0,0,0,0,
hkcc-gt,Stalls 1,堂座1,H,2,,stalls1-centre,21,21,printed,,0,0,0,0,
hkcc-gt,Stalls 1,堂座1,H,2,,stalls1-centre,22,22,printed,,0,0,0,0,
hkcc-gt,Stalls 1,堂座1,H,2,,stalls1-centre,23,23,printed,,0,0,0,0,
hkcc-gt,Stalls 1,堂座1,H,2,,stalls1-centre,24,24,printed,,0,0,0,0,
hkcc-gt,Stalls 1,堂座1,H,2,,stalls1-centre,25,25,printed,,0,0,0,0,
hkcc-gt,Stalls 1,堂座1,H,2,,stalls1-centre,26,26,printed,,0,0,0,0,
hkcc-gt,Stalls 1,堂座1,H,2,,stalls1-centre,27,27,printed,,0,0,0,0,
hkcc-gt,Stalls 1,堂座1,H,2,,stalls1-centre,28,28,printed,,0,0,0,0,
hkcc-gt,Stalls 1,堂座1,H,2,,stalls1-centre,29,29,printed,,0,0,0,0,
hkcc-gt,Stalls 1,堂座1,H,2,,stalls1-centre,30,30,printed,,0,0,0,0,
hkcc-gt,Stalls 1,堂座1,H,3,,stalls1-right,36,36,printed,,0,0,0,0,
hkcc-gt,Stalls 1,堂座1,H,3,,stalls1-right,37,37,printed,,0,0,0,0,
hkcc-gt,Stalls 1,堂座1,H,3,,stalls1-right,38,38,printed,,0,0,0,0,
hkcc-gt,Stalls 1,堂座1,H,3,,stalls1-right,39,39,printed,,0,0,0,0,
hkcc-gt,Stalls 1,堂座1,H,3,,stalls1-right,40,40,printed,,0,0,0,0,
hkcc-gt,Stalls 1,堂座1,H,3,,stalls1-right,41,41,printed,,0,0,0,0,
hkcc-gt,Stalls 1,堂座1,H,3,,stalls1-right,42,42,printed,,0,0,0,0,
hkcc-gt,Stalls 1,堂座1,I,1,,stalls1-left,1,1,printed,,0,0,0,0,
hkcc-gt,Stalls 1,堂座1,I,1,,stalls1-left,2,2,printed,,0,0,0,0,
hkcc-gt,Stalls 1,堂座1,I,1,,stalls1-left,3,3,printed,,0,0,0,0,
hkcc-gt,Stalls 1,堂座1,I,1,,stalls1-left,4,4,printed,,0,0,0,0,
hkcc-gt,Stalls 1,堂座1,I,1,,stalls1-left,5,5,printed,,0,0,0,0,
hkcc-gt,Stalls 1,堂座1,I,1,,stalls1-left,6,6,printed,,0,0,0,0,
hkcc-gt,Stalls 1,堂座1,I,1,,stalls1-left,7,7,printed,,0,0,0,0,
hkcc-gt,Stalls 1,堂座1,I,2,,stalls1-centre,12,12,printed,,0,0,0,0,
hkcc-gt,Stalls 1,堂座1,I,2,,stalls1-centre,13,13,printed,,0,0,0,0,
hkcc-gt,Stalls 1,堂座1,I,2,,stalls1-centre,14,14,printed,,0,0,0,0,
hkcc-gt,Stalls 1,堂座1,I,2,,stalls1-centre,15,15,printed,,0,0,0,0,
hkcc-gt,Stalls 1,堂座1,I,2,,stalls1-centre,16,16,printed,,0,0,0,0,
hkcc-gt,Stalls 1,堂座1,I,2,,stalls1-centre,17,17,printed,,0,0,0,0,
hkcc-gt,Stalls 1,堂座1,I,2,,stalls1-centre,18,18,printed,,0,0,0,0,
hkcc-gt,Stalls 1,堂座1,I,2,,stalls1-centre,19,19,printed,,0,0,0,0,
hkcc-gt,Stalls 1,堂座1,I,2,,stalls1-centre,20,20,printed,,0,0,0,0,
hkcc-gt,Stalls 1,堂座1,I,2,,stalls1-centre,21,21,printed,,0,0,0,0,
hkcc-gt,Stalls 1,堂座1,I,2,,stalls1-centre,22,22,printed,,0,0,0,0,
hkcc-gt,Stalls 1,堂座1,I,2,,stalls1-centre,23,23,printed,,0,0,0,0,
hkcc-gt,Stalls 1,堂座1,I,2,,stalls1-centre,24,24,printed,,0,0,0,0,
hkcc-gt,Stalls 1,堂座1,I,2,,stalls1-centre,25,25,printed,,0,0,0,0,
hkcc-gt,Stalls 1,堂座1,I,2,,stalls1-centre,26,26,printed,,0,0,0,0,
hkcc-gt,Stalls 1,堂座1,I,2,,stalls1-centre,27,27,printed,,0,0,0,0,
hkcc-gt,Stalls 1,堂座1,I,2,,stalls1-centre,28,28,printed,,0,0,0,0,
hkcc-gt,Stalls 1,堂座1,I,2,,stalls1-centre,29,29,printed,,0,0,0,0,
hkcc-gt,Stalls 1,堂座1,I,2,,stalls1-centre,30,30,printed,,0,0,0,0,
hkcc-gt,Stalls 1,堂座1,I,2,,stalls1-centre,31,31,printed,,0,0,0,0,
hkcc-gt,Stalls 1,堂座1,I,3,,stalls1-right,36,36,printed,,0,0,0,0,
hkcc-gt,Stalls 1,堂座1,I,3,,stalls1-right,37,37,printed,,0,0,0,0,
hkcc-gt,Stalls 1,堂座1,I,3,,stalls1-right,38,38,printed,,0,0,0,0,
hkcc-gt,Stalls 1,堂座1,I,3,,stalls1-right,39,39,printed,,0,0,0,0,
hkcc-gt,Stalls 1,堂座1,I,3,,stalls1-right,40,40,printed,,0,0,0,0,
hkcc-gt,Stalls 1,堂座1,I,3,,stalls1-right,41,41,printed,,0,0,0,0,
hkcc-gt,Stalls 1,堂座1,I,3,,stalls1-right,42,42,printed,,0,0,0,0,
hkcc-gt,Stalls 1,堂座1,J,1,,stalls1-left,1,1,printed,,0,0,0,0,
hkcc-gt,Stalls 1,堂座1,J,1,,stalls1-left,2,2,printed,,0,0,0,0,
hkcc-gt,Stalls 1,堂座1,J,1,,stalls1-left,3,3,printed,,0,0,0,0,
hkcc-gt,Stalls 1,堂座1,J,1,,stalls1-left,4,4,printed,,0,0,0,0,
hkcc-gt,Stalls 1,堂座1,J,1,,stalls1-left,5,5,printed,,0,0,0,0,
hkcc-gt,Stalls 1,堂座1,J,1,,stalls1-left,6,6,printed,,0,0,0,0,
hkcc-gt,Stalls 1,堂座1,J,1,,stalls1-left,7,7,printed,,0,0,0,0,
hkcc-gt,Stalls 1,堂座1,J,1,,stalls1-left,8,8,printed,,0,0,0,0,
hkcc-gt,Stalls 1,堂座1,J,2,,stalls1-centre,12,12,printed,,0,0,0,0,
hkcc-gt,Stalls 1,堂座1,J,2,,stalls1-centre,13,13,printed,,0,0,0,0,
hkcc-gt,Stalls 1,堂座1,J,2,,stalls1-centre,14,14,printed,,0,0,0,0,
hkcc-gt,Stalls 1,堂座1,J,2,,stalls1-centre,15,15,printed,,0,0,0,0,
hkcc-gt,Stalls 1,堂座1,J,2,,stalls1-centre,16,16,printed,,0,0,0,0,
hkcc-gt,Stalls 1,堂座1,J,2,,stalls1-centre,17,17,printed,,0,0,0,0,
hkcc-gt,Stalls 1,堂座1,J,2,,stalls1-centre,18,18,printed,,0,0,0,0,
hkcc-gt,Stalls 1,堂座1,J,2,,stalls1-centre,19,19,printed,,0,0,0,0,
hkcc-gt,Stalls 1,堂座1,J,2,,stalls1-centre,20,20,printed,,0,0,0,0,
hkcc-gt,Stalls 1,堂座1,J,2,,stalls1-centre,21,21,printed,,0,0,0,0,
hkcc-gt,Stalls 1,堂座1,J,2,,stalls1-centre,22,22,printed,,0,0,0,0,
hkcc-gt,Stalls 1,堂座1,J,2,,stalls1-centre,23,23,printed,,0,0,0,0,
hkcc-gt,Stalls 1,堂座1,J,2,,stalls1-centre,24,24,printed,,0,0,0,0,
hkcc-gt,Stalls 1,堂座1,J,2,,stalls1-centre,25,25,printed,,0,0,0,0,
hkcc-gt,Stalls 1,堂座1,J,2,,stalls1-centre,26,26,printed,,0,0,0,0,
hkcc-gt,Stalls 1,堂座1,J,2,,stalls1-centre,27,27,printed,,0,0,0,0,
hkcc-gt,Stalls 1,堂座1,J,2,,stalls1-centre,28,28,printed,,0,0,0,0,
hkcc-gt,Stalls 1,堂座1,J,2,,stalls1-centre,29,29,printed,,0,0,0,0,
hkcc-gt,Stalls 1,堂座1,J,2,,stalls1-centre,30,30,printed,,0,0,0,0,
hkcc-gt,Stalls 1,堂座1,J,2,,stalls1-centre,31,31,printed,,0,0,0,0,
hkcc-gt,Stalls 1,堂座1,J,2,,stalls1-centre,32,32,printed,,0,0,0,0,
hkcc-gt,Stalls 1,堂座1,J,3,,stalls1-right,36,36,printed,,0,0,0,0,
hkcc-gt,Stalls 1,堂座1,J,3,,stalls1-right,37,37,printed,,0,0,0,0,
hkcc-gt,Stalls 1,堂座1,J,3,,stalls1-right,38,38,printed,,0,0,0,0,
hkcc-gt,Stalls 1,堂座1,J,3,,stalls1-right,39,39,printed,,0,0,0,0,
hkcc-gt,Stalls 1,堂座1,J,3,,stalls1-right,40,40,printed,,0,0,0,0,
hkcc-gt,Stalls 1,堂座1,J,3,,stalls1-right,41,41,printed,,0,0,0,0,
hkcc-gt,Stalls 1,堂座1,J,3,,stalls1-right,42,42,printed,,0,0,0,0,
hkcc-gt,Stalls 1,堂座1,J,3,,stalls1-right,43,43,printed,,0,0,0,0,
hkcc-gt,Stalls 1,堂座1,K,1,,stalls1-centre,12,12,printed,,0,0,0,0,
hkcc-gt,Stalls 1,堂座1,K,1,,stalls1-centre,13,13,printed,,0,0,0,0,
hkcc-gt,Stalls 1,堂座1,K,1,,stalls1-centre,14,14,printed,,0,0,0,0,
hkcc-gt,Stalls 1,堂座1,K,1,,stalls1-centre,15,15,printed,,0,0,0,0,
hkcc-gt,Stalls 1,堂座1,K,1,,stalls1-centre,16,16,printed,,0,0,0,0,
hkcc-gt,Stalls 1,堂座1,K,1,,stalls1-centre,17,17,printed,,0,0,0,0,
hkcc-gt,Stalls 1,堂座1,K,1,,stalls1-centre,18,18,printed,,0,0,0,0,
hkcc-gt,Stalls 1,堂座1,K,1,,stalls1-centre,19,19,printed,,0,0,0,0,
hkcc-gt,Stalls 1,堂座1,K,1,,stalls1-centre,20,20,printed,,0,0,0,0,
hkcc-gt,Stalls 1,堂座1,K,1,,stalls1-centre,21,21,printed,,0,0,0,0,
hkcc-gt,Stalls 1,堂座1,K,1,,stalls1-centre,22,22,printed,,0,0,0,0,
hkcc-gt,Stalls 1,堂座1,K,1,,stalls1-centre,23,23,printed,,0,0,0,0,
hkcc-gt,Stalls 1,堂座1,K,1,,stalls1-centre,24,24,printed,,0,0,0,0,
hkcc-gt,Stalls 1,堂座1,K,1,,stalls1-centre,25,25,printed,,0,0,0,0,
hkcc-gt,Stalls 1,堂座1,K,1,,stalls1-centre,26,26,printed,,0,0,0,0,
hkcc-gt,Stalls 1,堂座1,K,1,,stalls1-centre,27,27,printed,,0,0,0,0,
hkcc-gt,Stalls 1,堂座1,K,1,,stalls1-centre,28,28,printed,,0,0,0,0,
hkcc-gt,Stalls 1,堂座1,K,1,,stalls1-centre,29,29,printed,,0,0,0,0,
hkcc-gt,Stalls 1,堂座1,K,1,,stalls1-centre,30,30,printed,,0,0,0,0,
hkcc-gt,Stalls 1,堂座1,K,1,,stalls1-centre,31,31,printed,,0,0,0,0,
hkcc-gt,Stalls 1,堂座1,K,1,,stalls1-centre,32,32,printed,,0,0,0,0,
hkcc-gt,Stalls 1,堂座1,K,1,,stalls1-centre,33,33,printed,,0,0,0,0,
hkcc-gt,Stalls 1,堂座1,L,1,,stalls1-left,1,1,printed,,0,0,0,0,
hkcc-gt,Stalls 1,堂座1,L,1,,stalls1-left,2,2,printed,,0,0,0,0,
hkcc-gt,Stalls 1,堂座1,L,1,,stalls1-left,3,3,printed,,0,0,0,0,
hkcc-gt,Stalls 1,堂座1,L,1,,stalls1-left,4,4,printed,,0,0,0,0,
hkcc-gt,Stalls 1,堂座1,L,1,,stalls1-left,5,5,printed,,0,0,0,0,
hkcc-gt,Stalls 1,堂座1,L,1,,stalls1-left,6,6,printed,,0,0,0,0,
hkcc-gt,Stalls 1,堂座1,L,1,,stalls1-left,7,7,printed,,0,0,0,0,
hkcc-gt,Stalls 1,堂座1,L,1,,stalls1-left,8,8,printed,,0,0,0,0,
hkcc-gt,Stalls 1,堂座1,L,1,,stalls1-left,X1,,none,X,0,1,0,0,
hkcc-gt,Stalls 1,堂座1,L,1,,stalls1-left,X2,,none,X,0,1,0,0,
hkcc-gt,Stalls 1,堂座1,L,2,,stalls1-centre,12,12,printed,,0,0,0,0,
hkcc-gt,Stalls 1,堂座1,L,2,,stalls1-centre,13,13,printed,,0,0,0,0,
hkcc-gt,Stalls 1,堂座1,L,2,,stalls1-centre,14,14,printed,,0,0,0,0,
hkcc-gt,Stalls 1,堂座1,L,2,,stalls1-centre,15,15,printed,,0,0,0,0,
hkcc-gt,Stalls 1,堂座1,L,2,,stalls1-centre,16,16,printed,,0,0,0,0,
hkcc-gt,Stalls 1,堂座1,L,2,,stalls1-centre,17,17,printed,,0,0,0,0,
hkcc-gt,Stalls 1,堂座1,L,2,,stalls1-centre,18,18,printed,,0,0,0,0,
hkcc-gt,Stalls 1,堂座1,L,2,,stalls1-centre,19,19,printed,,0,0,0,0,
hkcc-gt,Stalls 1,堂座1,L,2,,stalls1-centre,20,20,printed,,0,0,0,0,
hkcc-gt,Stalls 1,堂座1,L,2,,stalls1-centre,21,21,printed,,0,0,0,0,
hkcc-gt,Stalls 1,堂座1,L,2,,stalls1-centre,22,22,printed,,0,0,0,0,
hkcc-gt,Stalls 1,堂座1,L,2,,stalls1-centre,23,23,printed,,0,0,0,0,
hkcc-gt,Stalls 1,堂座1,L,2,,stalls1-centre,24,24,printed,,0,0,0,0,
hkcc-gt,Stalls 1,堂座1,L,2,,stalls1-centre,25,25,printed,,0,0,0,0,
hkcc-gt,Stalls 1,堂座1,L,2,,stalls1-centre,26,26,printed,,0,0,0,0,
hkcc-gt,Stalls 1,堂座1,L,2,,stalls1-centre,27,27,printed,,0,0,0,0,
hkcc-gt,Stalls 1,堂座1,L,2,,stalls1-centre,28,28,printed,,0,0,0,0,
hkcc-gt,Stalls 1,堂座1,L,2,,stalls1-centre,29,29,printed,,0,0,0,0,
hkcc-gt,Stalls 1,堂座1,L,2,,stalls1-centre,30,30,printed,,0,0,0,0,
hkcc-gt,Stalls 1,堂座1,L,2,,stalls1-centre,31,31,printed,,0,0,0,0,
hkcc-gt,Stalls 1,堂座1,L,2,,stalls1-centre,32,32,printed,,0,0,0,0,
hkcc-gt,Stalls 1,堂座1,L,2,,stalls1-centre,33,33,printed,,0,0,0,0,
hkcc-gt,Stalls 1,堂座1,L,2,,stalls1-centre,34,34,printed,,0,0,0,0,
hkcc-gt,Stalls 1,堂座1,L,2,,stalls1-centre,35,35,printed,,0,0,0,0,
hkcc-gt,Stalls 1,堂座1,L,3,,stalls1-right,36,36,printed,,0,0,0,0,
hkcc-gt,Stalls 1,堂座1,L,3,,stalls1-right,37,37,printed,,0,0,0,0,
hkcc-gt,Stalls 1,堂座1,L,3,,stalls1-right,38,38,printed,,0,0,0,0,
hkcc-gt,Stalls 1,堂座1,L,3,,stalls1-right,39,39,printed,,0,0,0,0,
hkcc-gt,Stalls 1,堂座1,L,3,,stalls1-right,40,40,printed,,0,0,0,0,
hkcc-gt,Stalls 1,堂座1,L,3,,stalls1-right,41,41,printed,,0,0,0,0,
hkcc-gt,Stalls 1,堂座1,L,3,,stalls1-right,42,42,printed,,0,0,0,0,
hkcc-gt,Stalls 1,堂座1,L,3,,stalls1-right,43,43,printed,,0,0,0,0,
hkcc-gt,Stalls 1,堂座1,L,3,,stalls1-right,44,44,printed,,0,0,0,0,
hkcc-gt,Stalls 1,堂座1,L,3,,stalls1-right,45,45,printed,,0,0,0,0,
hkcc-gt,Stalls 1,堂座1,M,1,,stalls1-left,1,1,printed,,0,0,0,0,
hkcc-gt,Stalls 1,堂座1,M,1,,stalls1-left,2,2,printed,,0,0,0,0,
hkcc-gt,Stalls 1,堂座1,M,1,,stalls1-left,3,3,printed,,0,0,0,0,
hkcc-gt,Stalls 1,堂座1,M,1,,stalls1-left,4,4,printed,,0,0,0,0,
hkcc-gt,Stalls 1,堂座1,M,1,,stalls1-left,5,5,printed,,0,0,0,0,
hkcc-gt,Stalls 1,堂座1,M,1,,stalls1-left,6,6,printed,,0,0,0,0,
hkcc-gt,Stalls 1,堂座1,M,1,,stalls1-left,7,7,printed,,0,0,0,0,
hkcc-gt,Stalls 1,堂座1,M,1,,stalls1-left,8,8,printed,,0,0,0,0,
hkcc-gt,Stalls 1,堂座1,M,1,,stalls1-left,9,9,printed,,0,0,0,0,
hkcc-gt,Stalls 1,堂座1,M,1,,stalls1-left,10,10,printed,,0,0,0,0,
hkcc-gt,Stalls 1,堂座1,M,1,,stalls1-left,11,11,printed,,0,0,0,0,
hkcc-gt,Stalls 1,堂座1,M,2,,stalls1-centre,12,12,printed,,0,0,0,0,
hkcc-gt,Stalls 1,堂座1,M,2,,stalls1-centre,13,13,printed,,0,0,0,0,
hkcc-gt,Stalls 1,堂座1,M,2,,stalls1-centre,14,14,printed,,0,0,0,0,
hkcc-gt,Stalls 1,堂座1,M,2,,stalls1-centre,15,15,printed,,0,0,0,0,
hkcc-gt,Stalls 1,堂座1,M,2,,stalls1-centre,16,16,printed,,0,0,0,0,
hkcc-gt,Stalls 1,堂座1,M,2,,stalls1-centre,17,17,printed,,0,0,0,0,
hkcc-gt,Stalls 1,堂座1,M,2,,stalls1-centre,18,18,printed,,0,0,0,0,
hkcc-gt,Stalls 1,堂座1,M,2,,stalls1-centre,19,19,printed,,0,0,0,0,
hkcc-gt,Stalls 1,堂座1,M,2,,stalls1-centre,20,20,printed,,0,0,0,0,
hkcc-gt,Stalls 1,堂座1,M,2,,stalls1-centre,21,21,printed,,0,0,0,0,
hkcc-gt,Stalls 1,堂座1,M,2,,stalls1-centre,22,22,printed,,0,0,0,0,
hkcc-gt,Stalls 1,堂座1,M,2,,stalls1-centre,23,23,printed,,0,0,0,0,
hkcc-gt,Stalls 1,堂座1,M,2,,stalls1-centre,24,24,printed,,0,0,0,0,
hkcc-gt,Stalls 1,堂座1,M,2,,stalls1-centre,25,25,printed,,0,0,0,0,
hkcc-gt,Stalls 1,堂座1,M,2,,stalls1-centre,26,26,printed,,0,0,0,0,
hkcc-gt,Stalls 1,堂座1,M,2,,stalls1-centre,27,27,printed,,0,0,0,0,
hkcc-gt,Stalls 1,堂座1,M,2,,stalls1-centre,28,28,printed,,0,0,0,0,
hkcc-gt,Stalls 1,堂座1,M,2,,stalls1-centre,29,29,printed,,0,0,0,0,
hkcc-gt,Stalls 1,堂座1,M,2,,stalls1-centre,30,30,printed,,0,0,0,0,
hkcc-gt,Stalls 1,堂座1,M,2,,stalls1-centre,31,31,printed,,0,0,0,0,
hkcc-gt,Stalls 1,堂座1,M,2,,stalls1-centre,32,32,printed,,0,0,0,0,
hkcc-gt,Stalls 1,堂座1,M,2,,stalls1-centre,33,33,printed,,0,0,0,0,
hkcc-gt,Stalls 1,堂座1,M,2,,stalls1-centre,34,34,printed,,0,0,0,0,
hkcc-gt,Stalls 1,堂座1,M,2,,stalls1-centre,35,35,printed,,0,0,0,0,
hkcc-gt,Stalls 1,堂座1,M,3,,stalls1-right,36,36,printed,,0,0,0,0,
hkcc-gt,Stalls 1,堂座1,M,3,,stalls1-right,37,37,printed,,0,0,0,0,
hkcc-gt,Stalls 1,堂座1,M,3,,stalls1-right,38,38,printed,,0,0,0,0,
hkcc-gt,Stalls 1,堂座1,M,3,,stalls1-right,39,39,printed,,0,0,0,0,
hkcc-gt,Stalls 1,堂座1,M,3,,stalls1-right,40,40,printed,,0,0,0,0,
hkcc-gt,Stalls 1,堂座1,M,3,,stalls1-right,41,41,printed,,0,0,0,0,
hkcc-gt,Stalls 1,堂座1,M,3,,stalls1-right,42,42,printed,,0,0,0,0,
hkcc-gt,Stalls 1,堂座1,M,3,,stalls1-right,43,43,printed,,0,0,0,0,
hkcc-gt,Stalls 1,堂座1,M,3,,stalls1-right,44,44,printed,,0,0,0,0,
hkcc-gt,Stalls 1,堂座1,M,3,,stalls1-right,45,45,printed,,0,0,0,0,
hkcc-gt,Stalls 1,堂座1,M,3,,stalls1-right,46,46,printed,,0,0,0,0,
hkcc-gt,Stalls 1,堂座1,N,1,,stalls1-left,1,1,printed,,0,0,0,0,
hkcc-gt,Stalls 1,堂座1,N,1,,stalls1-left,2,2,printed,,0,0,0,0,
hkcc-gt,Stalls 1,堂座1,N,1,,stalls1-left,3,3,printed,,0,0,0,0,
hkcc-gt,Stalls 1,堂座1,N,1,,stalls1-left,4,4,printed,,0,0,0,0,
hkcc-gt,Stalls 1,堂座1,N,1,,stalls1-left,5,5,printed,,0,0,0,0,
hkcc-gt,Stalls 1,堂座1,N,1,,stalls1-left,6,6,printed,,0,0,0,0,
hkcc-gt,Stalls 1,堂座1,N,1,,stalls1-left,7,7,printed,,0,0,0,0,
hkcc-gt,Stalls 1,堂座1,N,1,,stalls1-left,8,8,printed,,0,0,0,0,
hkcc-gt,Stalls 1,堂座1,N,1,,stalls1-left,9,9,printed,,0,0,0,0,
hkcc-gt,Stalls 1,堂座1,N,1,,stalls1-left,10,10,printed,,0,0,0,0,
hkcc-gt,Stalls 1,堂座1,N,1,,stalls1-left,11,11,printed,,0,0,0,0,
hkcc-gt,Stalls 1,堂座1,N,2,,stalls1-centre,12,12,printed,,0,0,0,0,
hkcc-gt,Stalls 1,堂座1,N,2,,stalls1-centre,13,13,printed,,0,0,0,0,
hkcc-gt,Stalls 1,堂座1,N,2,,stalls1-centre,14,14,printed,,0,0,0,0,
hkcc-gt,Stalls 1,堂座1,N,2,,stalls1-centre,15,15,printed,,0,0,0,0,
hkcc-gt,Stalls 1,堂座1,N,2,,stalls1-centre,16,16,printed,,0,0,0,0,
hkcc-gt,Stalls 1,堂座1,N,2,,stalls1-centre,17,17,printed,,0,0,0,0,
hkcc-gt,Stalls 1,堂座1,N,2,,stalls1-centre,18,18,printed,,0,0,0,0,
hkcc-gt,Stalls 1,堂座1,N,2,,stalls1-centre,19,19,printed,,0,0,0,0,
hkcc-gt,Stalls 1,堂座1,N,2,,stalls1-centre,20,20,printed,,0,0,0,0,
hkcc-gt,Stalls 1,堂座1,N,2,,stalls1-centre,21,21,printed,,0,0,0,0,
hkcc-gt,Stalls 1,堂座1,N,2,,stalls1-centre,22,22,printed,,0,0,0,0,
hkcc-gt,Stalls 1,堂座1,N,2,,stalls1-centre,23,23,printed,,0,0,0,0,
hkcc-gt,Stalls 1,堂座1,N,2,,stalls1-centre,24,24,printed,,0,0,0,0,
hkcc-gt,Stalls 1,堂座1,N,2,,stalls1-centre,25,25,printed,,0,0,0,0,
hkcc-gt,Stalls 1,堂座1,N,2,,stalls1-centre,26,26,printed,,0,0,0,0,
hkcc-gt,Stalls 1,堂座1,N,2,,stalls1-centre,27,27,printed,,0,0,0,0,
hkcc-gt,Stalls 1,堂座1,N,2,,stalls1-centre,28,28,printed,,0,0,0,0,
hkcc-gt,Stalls 1,堂座1,N,2,,stalls1-centre,29,29,printed,,0,0,0,0,
hkcc-gt,Stalls 1,堂座1,N,2,,stalls1-centre,30,30,printed,,0,0,0,0,
hkcc-gt,Stalls 1,堂座1,N,2,,stalls1-centre,31,31,printed,,0,0,0,0,
hkcc-gt,Stalls 1,堂座1,N,2,,stalls1-centre,32,32,printed,,0,0,0,0,
hkcc-gt,Stalls 1,堂座1,N,2,,stalls1-centre,33,33,printed,,0,0,0,0,
hkcc-gt,Stalls 1,堂座1,N,2,,stalls1-centre,34,34,printed,,0,0,0,0,
hkcc-gt,Stalls 1,堂座1,N,2,,stalls1-centre,35,35,printed,,0,0,0,0,
hkcc-gt,Stalls 1,堂座1,N,3,,stalls1-right,36,36,printed,,0,0,0,0,
hkcc-gt,Stalls 1,堂座1,N,3,,stalls1-right,37,37,printed,,0,0,0,0,
hkcc-gt,Stalls 1,堂座1,N,3,,stalls1-right,38,38,printed,,0,0,0,0,
hkcc-gt,Stalls 1,堂座1,N,3,,stalls1-right,39,39,printed,,0,0,0,0,
hkcc-gt,Stalls 1,堂座1,N,3,,stalls1-right,40,40,printed,,0,0,0,0,
hkcc-gt,Stalls 1,堂座1,N,3,,stalls1-right,41,41,printed,,0,0,0,0,
hkcc-gt,Stalls 1,堂座1,N,3,,stalls1-right,42,42,printed,,0,0,0,0,
hkcc-gt,Stalls 1,堂座1,N,3,,stalls1-right,43,43,printed,,0,0,0,0,
hkcc-gt,Stalls 1,堂座1,N,3,,stalls1-right,44,44,printed,,0,0,0,0,
hkcc-gt,Stalls 1,堂座1,N,3,,stalls1-right,45,45,printed,,0,0,0,0,
hkcc-gt,Stalls 1,堂座1,N,3,,stalls1-right,46,46,printed,,0,0,0,0,
hkcc-gt,Stalls 1,堂座1,O,1,,stalls1-left,1,1,printed,,0,0,0,0,
hkcc-gt,Stalls 1,堂座1,O,1,,stalls1-left,2,2,printed,,0,0,0,0,
hkcc-gt,Stalls 1,堂座1,O,1,,stalls1-left,3,3,printed,,0,0,0,0,
hkcc-gt,Stalls 1,堂座1,O,1,,stalls1-left,4,4,printed,,0,0,0,0,
hkcc-gt,Stalls 1,堂座1,O,1,,stalls1-left,5,5,printed,,0,0,0,0,
hkcc-gt,Stalls 1,堂座1,O,1,,stalls1-left,6,6,printed,,0,0,0,0,
hkcc-gt,Stalls 1,堂座1,O,1,,stalls1-left,7,7,printed,,0,0,0,0,
hkcc-gt,Stalls 1,堂座1,O,1,,stalls1-left,8,8,printed,,0,0,0,0,
hkcc-gt,Stalls 1,堂座1,O,1,,stalls1-left,9,9,printed,,0,0,0,0,
hkcc-gt,Stalls 1,堂座1,O,1,,stalls1-left,10,10,printed,,0,0,0,0,
hkcc-gt,Stalls 1,堂座1,O,2,,stalls1-centre,12,12,printed,,0,0,0,0,
hkcc-gt,Stalls 1,堂座1,O,2,,stalls1-centre,13,13,printed,,0,0,0,0,
hkcc-gt,Stalls 1,堂座1,O,2,,stalls1-centre,14,14,printed,,0,0,0,0,
hkcc-gt,Stalls 1,堂座1,O,2,,stalls1-centre,15,15,printed,,0,0,0,0,
hkcc-gt,Stalls 1,堂座1,O,2,,stalls1-centre,16,16,printed,,0,0,0,0,
hkcc-gt,Stalls 1,堂座1,O,2,,stalls1-centre,17,17,printed,,0,0,0,0,
hkcc-gt,Stalls 1,堂座1,O,2,,stalls1-centre,18,18,printed,,0,0,0,0,
hkcc-gt,Stalls 1,堂座1,O,2,,stalls1-centre,19,19,printed,,0,0,0,0,
hkcc-gt,Stalls 1,堂座1,O,2,,stalls1-centre,20,20,printed,,0,0,0,0,
hkcc-gt,Stalls 1,堂座1,O,2,,stalls1-centre,21,21,printed,,0,0,0,0,
hkcc-gt,Stalls 1,堂座1,O,2,,stalls1-centre,22,22,printed,,0,0,0,0,
hkcc-gt,Stalls 1,堂座1,O,2,,stalls1-centre,23,23,printed,,0,0,0,0,
hkcc-gt,Stalls 1,堂座1,O,2,,stalls1-centre,24,24,printed,,0,0,0,0,
hkcc-gt,Stalls 1,堂座1,O,2,,stalls1-centre,25,25,printed,,0,0,0,0,
hkcc-gt,Stalls 1,堂座1,O,2,,stalls1-centre,26,26,printed,,0,0,0,0,
hkcc-gt,Stalls 1,堂座1,O,2,,stalls1-centre,27,27,printed,,0,0,0,0,
hkcc-gt,Stalls 1,堂座1,O,2,,stalls1-centre,28,28,printed,,0,0,0,0,
hkcc-gt,Stalls 1,堂座1,O,2,,stalls1-centre,29,29,printed,,0,0,0,0,
hkcc-gt,Stalls 1,堂座1,O,2,,stalls1-centre,30,30,printed,,0,0,0,0,
hkcc-gt,Stalls 1,堂座1,O,2,,stalls1-centre,31,31,printed,,0,0,0,0,
hkcc-gt,Stalls 1,堂座1,O,2,,stalls1-centre,32,32,printed,,0,0,0,0,
hkcc-gt,Stalls 1,堂座1,O,2,,stalls1-centre,33,33,printed,,0,0,0,0,
hkcc-gt,Stalls 1,堂座1,O,2,,stalls1-centre,34,34,printed,,0,0,0,0,
hkcc-gt,Stalls 1,堂座1,O,2,,stalls1-centre,35,35,printed,,0,0,0,0,
hkcc-gt,Stalls 1,堂座1,O,3,,stalls1-right,36,36,printed,,0,0,0,0,
hkcc-gt,Stalls 1,堂座1,O,3,,stalls1-right,37,37,printed,,0,0,0,0,
hkcc-gt,Stalls 1,堂座1,O,3,,stalls1-right,38,38,printed,,0,0,0,0,
hkcc-gt,Stalls 1,堂座1,O,3,,stalls1-right,39,39,printed,,0,0,0,0,
hkcc-gt,Stalls 1,堂座1,O,3,,stalls1-right,40,40,printed,,0,0,0,0,
hkcc-gt,Stalls 1,堂座1,O,3,,stalls1-right,41,41,printed,,0,0,0,0,
hkcc-gt,Stalls 1,堂座1,O,3,,stalls1-right,42,42,printed,,0,0,0,0,
hkcc-gt,Stalls 1,堂座1,O,3,,stalls1-right,43,43,printed,,0,0,0,0,
hkcc-gt,Stalls 1,堂座1,O,3,,stalls1-right,44,44,printed,,0,0,0,0,
hkcc-gt,Stalls 1,堂座1,O,3,,stalls1-right,45,45,printed,,0,0,0,0,
hkcc-gt,Stalls 1,堂座1,P,1,,stalls1-left,1,1,printed,,0,0,0,0,
hkcc-gt,Stalls 1,堂座1,P,1,,stalls1-left,2,2,printed,,0,0,0,0,
hkcc-gt,Stalls 1,堂座1,P,1,,stalls1-left,3,3,printed,,0,0,0,0,
hkcc-gt,Stalls 1,堂座1,P,1,,stalls1-left,4,4,printed,,0,0,0,0,
hkcc-gt,Stalls 1,堂座1,P,1,,stalls1-left,5,5,printed,,0,0,0,0,
hkcc-gt,Stalls 1,堂座1,P,1,,stalls1-left,6,6,printed,,0,0,0,0,
hkcc-gt,Stalls 1,堂座1,P,1,,stalls1-left,7,7,printed,,0,0,0,0,
hkcc-gt,Stalls 1,堂座1,P,1,,stalls1-left,8,8,printed,,0,0,0,0,
hkcc-gt,Stalls 1,堂座1,P,1,,stalls1-left,9,9,printed,,0,0,0,0,
hkcc-gt,Stalls 1,堂座1,P,2,,stalls1-centre,12,12,printed,,0,0,0,0,
hkcc-gt,Stalls 1,堂座1,P,2,,stalls1-centre,13,13,printed,,0,0,0,0,
hkcc-gt,Stalls 1,堂座1,P,2,,stalls1-centre,14,14,printed,,0,0,0,0,
hkcc-gt,Stalls 1,堂座1,P,2,,stalls1-centre,15,15,printed,,0,0,0,0,
hkcc-gt,Stalls 1,堂座1,P,2,,stalls1-centre,16,16,printed,,0,0,0,0,
hkcc-gt,Stalls 1,堂座1,P,2,,stalls1-centre,17,17,printed,,0,0,0,0,
hkcc-gt,Stalls 1,堂座1,P,2,,stalls1-centre,18,18,printed,,0,0,0,0,
hkcc-gt,Stalls 1,堂座1,P,2,,stalls1-centre,19,19,printed,,0,0,0,0,
hkcc-gt,Stalls 1,堂座1,P,2,,stalls1-centre,20,20,printed,,0,0,0,0,
hkcc-gt,Stalls 1,堂座1,P,2,,stalls1-centre,21,21,printed,,0,0,0,0,
hkcc-gt,Stalls 1,堂座1,P,2,,stalls1-centre,22,22,printed,,0,0,0,0,
hkcc-gt,Stalls 1,堂座1,P,2,,stalls1-centre,23,23,printed,,0,0,0,0,
hkcc-gt,Stalls 1,堂座1,P,2,,stalls1-centre,24,24,printed,,0,0,0,0,
hkcc-gt,Stalls 1,堂座1,P,2,,stalls1-centre,25,25,printed,,0,0,0,0,
hkcc-gt,Stalls 1,堂座1,P,2,,stalls1-centre,26,26,printed,,0,0,0,0,
hkcc-gt,Stalls 1,堂座1,P,2,,stalls1-centre,27,27,printed,,0,0,0,0,
hkcc-gt,Stalls 1,堂座1,P,2,,stalls1-centre,28,28,printed,,0,0,0,0,
hkcc-gt,Stalls 1,堂座1,P,2,,stalls1-centre,29,29,printed,,0,0,0,0,
hkcc-gt,Stalls 1,堂座1,P,2,,stalls1-centre,30,30,printed,,0,0,0,0,
hkcc-gt,Stalls 1,堂座1,P,2,,stalls1-centre,31,31,printed,,0,0,0,0,
hkcc-gt,Stalls 1,堂座1,P,2,,stalls1-centre,32,32,printed,,0,0,0,0,
hkcc-gt,Stalls 1,堂座1,P,2,,stalls1-centre,33,33,printed,,0,0,0,0,
hkcc-gt,Stalls 1,堂座1,P,2,,stalls1-centre,34,34,printed,,0,0,0,0,
hkcc-gt,Stalls 1,堂座1,P,2,,stalls1-centre,35,35,printed,,0,0,0,0,
hkcc-gt,Stalls 1,堂座1,P,3,,stalls1-right,36,36,printed,,0,0,0,0,
hkcc-gt,Stalls 1,堂座1,P,3,,stalls1-right,37,37,printed,,0,0,0,0,
hkcc-gt,Stalls 1,堂座1,P,3,,stalls1-right,38,38,printed,,0,0,0,0,
hkcc-gt,Stalls 1,堂座1,P,3,,stalls1-right,39,39,printed,,0,0,0,0,
hkcc-gt,Stalls 1,堂座1,P,3,,stalls1-right,40,40,printed,,0,0,0,0,
hkcc-gt,Stalls 1,堂座1,P,3,,stalls1-right,41,41,printed,,0,0,0,0,
hkcc-gt,Stalls 1,堂座1,P,3,,stalls1-right,42,42,printed,,0,0,0,0,
hkcc-gt,Stalls 1,堂座1,P,3,,stalls1-right,43,43,printed,,0,0,0,0,
hkcc-gt,Stalls 1,堂座1,P,3,,stalls1-right,44,44,printed,,0,0,0,0,
hkcc-gt,Stalls 1,堂座1,Q,1,,stalls1-left,1,1,printed,,0,0,0,0,
hkcc-gt,Stalls 1,堂座1,Q,1,,stalls1-left,2,2,printed,,0,0,0,0,
hkcc-gt,Stalls 1,堂座1,Q,1,,stalls1-left,3,3,printed,,0,0,0,0,
hkcc-gt,Stalls 1,堂座1,Q,1,,stalls1-left,4,4,printed,,0,0,0,0,
hkcc-gt,Stalls 1,堂座1,Q,1,,stalls1-left,5,5,printed,,0,0,0,0,
hkcc-gt,Stalls 1,堂座1,Q,1,,stalls1-left,6,6,printed,,0,0,0,0,
hkcc-gt,Stalls 1,堂座1,Q,1,,stalls1-left,7,7,printed,,0,0,0,0,
hkcc-gt,Stalls 1,堂座1,Q,1,,stalls1-left,8,8,printed,,0,0,0,0,
hkcc-gt,Stalls 1,堂座1,Q,2,,stalls1-centre,12,12,printed,,0,0,0,0,
hkcc-gt,Stalls 1,堂座1,Q,2,,stalls1-centre,13,13,printed,,0,0,0,0,
hkcc-gt,Stalls 1,堂座1,Q,2,,stalls1-centre,14,14,printed,,0,0,0,0,
hkcc-gt,Stalls 1,堂座1,Q,2,,stalls1-centre,15,15,printed,,0,0,0,0,
hkcc-gt,Stalls 1,堂座1,Q,2,,stalls1-centre,16,16,printed,,0,0,0,0,
hkcc-gt,Stalls 1,堂座1,Q,2,,stalls1-centre,17,17,printed,,0,0,0,0,
hkcc-gt,Stalls 1,堂座1,Q,2,,stalls1-centre,18,18,printed,,0,0,0,0,
hkcc-gt,Stalls 1,堂座1,Q,2,,stalls1-centre,19,19,printed,,0,0,0,0,
hkcc-gt,Stalls 1,堂座1,Q,2,,stalls1-centre,20,20,printed,,0,0,0,0,
hkcc-gt,Stalls 1,堂座1,Q,2,,stalls1-centre,21,21,printed,,0,0,0,0,
hkcc-gt,Stalls 1,堂座1,Q,2,,stalls1-centre,22,22,printed,,0,0,0,0,
hkcc-gt,Stalls 1,堂座1,Q,2,,stalls1-centre,23,23,printed,,0,0,0,0,
hkcc-gt,Stalls 1,堂座1,Q,2,,stalls1-centre,24,24,printed,,0,0,0,0,
hkcc-gt,Stalls 1,堂座1,Q,2,,stalls1-centre,25,25,printed,,0,0,0,0,
hkcc-gt,Stalls 1,堂座1,Q,2,,stalls1-centre,26,26,printed,,0,0,0,0,
hkcc-gt,Stalls 1,堂座1,Q,2,,stalls1-centre,27,27,printed,,0,0,0,0,
hkcc-gt,Stalls 1,堂座1,Q,2,,stalls1-centre,28,28,printed,,0,0,0,0,
hkcc-gt,Stalls 1,堂座1,Q,2,,stalls1-centre,29,29,printed,,0,0,0,0,
hkcc-gt,Stalls 1,堂座1,Q,2,,stalls1-centre,30,30,printed,,0,0,0,0,
hkcc-gt,Stalls 1,堂座1,Q,2,,stalls1-centre,31,31,printed,,0,0,0,0,
hkcc-gt,Stalls 1,堂座1,Q,2,,stalls1-centre,32,32,printed,,0,0,0,0,
hkcc-gt,Stalls 1,堂座1,Q,2,,stalls1-centre,33,33,printed,,0,0,0,0,
hkcc-gt,Stalls 1,堂座1,Q,2,,stalls1-centre,34,34,printed,,0,0,0,0,
hkcc-gt,Stalls 1,堂座1,Q,2,,stalls1-centre,35,35,printed,,0,0,0,0,
hkcc-gt,Stalls 1,堂座1,Q,3,,stalls1-right,36,36,printed,,0,0,0,0,
hkcc-gt,Stalls 1,堂座1,Q,3,,stalls1-right,37,37,printed,,0,0,0,0,
hkcc-gt,Stalls 1,堂座1,Q,3,,stalls1-right,38,38,printed,,0,0,0,0,
hkcc-gt,Stalls 1,堂座1,Q,3,,stalls1-right,39,39,printed,,0,0,0,0,
hkcc-gt,Stalls 1,堂座1,Q,3,,stalls1-right,40,40,printed,,0,0,0,0,
hkcc-gt,Stalls 1,堂座1,Q,3,,stalls1-right,41,41,printed,,0,0,0,0,
hkcc-gt,Stalls 1,堂座1,Q,3,,stalls1-right,42,42,printed,,0,0,0,0,
hkcc-gt,Stalls 1,堂座1,Q,3,,stalls1-right,43,43,printed,,0,0,0,0,
hkcc-gt,Stalls 1,堂座1,R,1,,stalls1-left,1,1,printed,,0,0,0,0,
hkcc-gt,Stalls 1,堂座1,R,1,,stalls1-left,2,2,printed,,0,0,0,0,
hkcc-gt,Stalls 1,堂座1,R,1,,stalls1-left,3,3,printed,,0,0,0,0,
hkcc-gt,Stalls 1,堂座1,R,1,,stalls1-left,4,4,printed,,0,0,0,0,
hkcc-gt,Stalls 1,堂座1,R,1,,stalls1-left,5,5,printed,,0,0,0,0,
hkcc-gt,Stalls 1,堂座1,R,1,,stalls1-left,6,6,printed,,0,0,0,0,
hkcc-gt,Stalls 1,堂座1,R,1,,stalls1-left,7,7,printed,,0,0,0,0,
hkcc-gt,Stalls 1,堂座1,R,2,,stalls1-centre,12,12,printed,,0,0,0,0,
hkcc-gt,Stalls 1,堂座1,R,2,,stalls1-centre,13,13,printed,,0,0,0,0,
hkcc-gt,Stalls 1,堂座1,R,2,,stalls1-centre,14,14,printed,,0,0,0,0,
hkcc-gt,Stalls 1,堂座1,R,2,,stalls1-centre,15,15,printed,,0,0,0,0,
hkcc-gt,Stalls 1,堂座1,R,2,,stalls1-centre,16,16,printed,,0,0,0,0,
hkcc-gt,Stalls 1,堂座1,R,2,,stalls1-centre,17,17,printed,,0,0,0,0,
hkcc-gt,Stalls 1,堂座1,R,2,,stalls1-centre,18,18,printed,,0,0,0,0,
hkcc-gt,Stalls 1,堂座1,R,2,,stalls1-centre,19,19,printed,,0,0,0,0,
hkcc-gt,Stalls 1,堂座1,R,2,,stalls1-centre,20,20,printed,,0,0,0,0,
hkcc-gt,Stalls 1,堂座1,R,2,,stalls1-centre,21,21,printed,,0,0,0,0,
hkcc-gt,Stalls 1,堂座1,R,2,,stalls1-centre,22,22,printed,,0,0,0,0,
hkcc-gt,Stalls 1,堂座1,R,2,,stalls1-centre,23,23,printed,,0,0,0,0,
hkcc-gt,Stalls 1,堂座1,R,2,,stalls1-centre,24,24,printed,,0,0,0,0,
hkcc-gt,Stalls 1,堂座1,R,2,,stalls1-centre,25,25,printed,,0,0,0,0,
hkcc-gt,Stalls 1,堂座1,R,2,,stalls1-centre,26,26,printed,,0,0,0,0,
hkcc-gt,Stalls 1,堂座1,R,2,,stalls1-centre,27,27,printed,,0,0,0,0,
hkcc-gt,Stalls 1,堂座1,R,2,,stalls1-centre,28,28,printed,,0,0,0,0,
hkcc-gt,Stalls 1,堂座1,R,2,,stalls1-centre,29,29,printed,,0,0,0,0,
hkcc-gt,Stalls 1,堂座1,R,2,,stalls1-centre,30,30,printed,,0,0,0,0,
hkcc-gt,Stalls 1,堂座1,R,2,,stalls1-centre,31,31,printed,,0,0,0,0,
hkcc-gt,Stalls 1,堂座1,R,2,,stalls1-centre,32,32,printed,,0,0,0,0,
hkcc-gt,Stalls 1,堂座1,R,2,,stalls1-centre,33,33,printed,,0,0,0,0,
hkcc-gt,Stalls 1,堂座1,R,2,,stalls1-centre,34,34,printed,,0,0,0,0,
hkcc-gt,Stalls 1,堂座1,R,2,,stalls1-centre,35,35,printed,,0,0,0,0,
hkcc-gt,Stalls 1,堂座1,R,3,,stalls1-right,36,36,printed,,0,0,0,0,
hkcc-gt,Stalls 1,堂座1,R,3,,stalls1-right,37,37,printed,,0,0,0,0,
hkcc-gt,Stalls 1,堂座1,R,3,,stalls1-right,38,38,printed,,0,0,0,0,
hkcc-gt,Stalls 1,堂座1,R,3,,stalls1-right,39,39,printed,,0,0,0,0,
hkcc-gt,Stalls 1,堂座1,R,3,,stalls1-right,40,40,printed,,0,0,0,0,
hkcc-gt,Stalls 1,堂座1,R,3,,stalls1-right,41,41,printed,,0,0,0,0,
hkcc-gt,Stalls 1,堂座1,R,3,,stalls1-right,42,42,printed,,0,0,0,0,
hkcc-gt,Stalls 1,堂座1,S,1,,stalls1-left,1,1,printed,,0,0,0,0,
hkcc-gt,Stalls 1,堂座1,S,1,,stalls1-left,2,2,printed,,0,0,0,0,
hkcc-gt,Stalls 1,堂座1,S,1,,stalls1-left,3,3,printed,,0,0,0,0,
hkcc-gt,Stalls 1,堂座1,S,1,,stalls1-left,4,4,printed,,0,0,0,0,
hkcc-gt,Stalls 1,堂座1,S,1,,stalls1-left,5,5,printed,,0,0,0,0,
hkcc-gt,Stalls 1,堂座1,S,1,,stalls1-left,6,6,printed,,0,0,0,0,
hkcc-gt,Stalls 1,堂座1,S,2,,stalls1-centre,12,12,printed,,0,0,0,0,
hkcc-gt,Stalls 1,堂座1,S,2,,stalls1-centre,13,13,printed,,0,0,0,0,
hkcc-gt,Stalls 1,堂座1,S,2,,stalls1-centre,14,14,printed,,0,0,0,0,
hkcc-gt,Stalls 1,堂座1,S,2,,stalls1-centre,15,15,printed,,0,0,0,0,
hkcc-gt,Stalls 1,堂座1,S,2,,stalls1-centre,16,16,printed,,0,0,0,0,
hkcc-gt,Stalls 1,堂座1,S,2,,stalls1-centre,17,17,printed,,0,0,0,0,
hkcc-gt,Stalls 1,堂座1,S,2,,stalls1-centre,18,18,printed,,0,0,0,0,
hkcc-gt,Stalls 1,堂座1,S,2,,stalls1-centre,19,19,printed,,0,0,0,0,
hkcc-gt,Stalls 1,堂座1,S,2,,stalls1-centre,20,20,printed,,0,0,0,0,
hkcc-gt,Stalls 1,堂座1,S,2,,stalls1-centre,21,21,printed,,0,0,0,0,
hkcc-gt,Stalls 1,堂座1,S,2,,stalls1-centre,22,22,printed,,0,0,0,0,
hkcc-gt,Stalls 1,堂座1,S,2,,stalls1-centre,23,23,printed,,0,0,0,0,
hkcc-gt,Stalls 1,堂座1,S,2,,stalls1-centre,24,24,printed,,0,0,0,0,
hkcc-gt,Stalls 1,堂座1,S,2,,stalls1-centre,25,25,printed,,0,0,0,0,
hkcc-gt,Stalls 1,堂座1,S,2,,stalls1-centre,26,26,printed,,0,0,0,0,
hkcc-gt,Stalls 1,堂座1,S,2,,stalls1-centre,27,27,printed,,0,0,0,0,
hkcc-gt,Stalls 1,堂座1,S,2,,stalls1-centre,28,28,printed,,0,0,0,0,
hkcc-gt,Stalls 1,堂座1,S,2,,stalls1-centre,29,29,printed,,0,0,0,0,
hkcc-gt,Stalls 1,堂座1,S,2,,stalls1-centre,30,30,printed,,0,0,0,0,
hkcc-gt,Stalls 1,堂座1,S,2,,stalls1-centre,31,31,printed,,0,0,0,0,
hkcc-gt,Stalls 1,堂座1,S,2,,stalls1-centre,32,32,printed,,0,0,0,0,
hkcc-gt,Stalls 1,堂座1,S,2,,stalls1-centre,33,33,printed,,0,0,0,0,
hkcc-gt,Stalls 1,堂座1,S,2,,stalls1-centre,34,34,printed,,0,0,0,0,
hkcc-gt,Stalls 1,堂座1,S,2,,stalls1-centre,35,35,printed,,0,0,0,0,
hkcc-gt,Stalls 1,堂座1,S,3,,stalls1-right,36,36,printed,,0,0,0,0,
hkcc-gt,Stalls 1,堂座1,S,3,,stalls1-right,37,37,printed,,0,0,0,0,
hkcc-gt,Stalls 1,堂座1,S,3,,stalls1-right,38,38,printed,,0,0,0,0,
hkcc-gt,Stalls 1,堂座1,S,3,,stalls1-right,39,39,printed,,0,0,0,0,
hkcc-gt,Stalls 1,堂座1,S,3,,stalls1-right,40,40,printed,,0,0,0,0,
hkcc-gt,Stalls 1,堂座1,S,3,,stalls1-right,41,41,printed,,0,0,0,0,
hkcc-gt,Stalls 1,堂座1,T,1,,stalls1-left,1,1,printed,,0,0,0,0,
hkcc-gt,Stalls 1,堂座1,T,1,,stalls1-left,2,2,printed,,0,0,0,0,
hkcc-gt,Stalls 1,堂座1,T,1,,stalls1-left,3,3,printed,,0,0,0,0,
hkcc-gt,Stalls 1,堂座1,T,1,,stalls1-left,4,4,printed,,0,0,0,0,
hkcc-gt,Stalls 1,堂座1,T,1,,stalls1-left,5,5,printed,,0,0,0,0,
hkcc-gt,Stalls 1,堂座1,T,2,,stalls1-centre,12,12,printed,,0,0,0,0,
hkcc-gt,Stalls 1,堂座1,T,2,,stalls1-centre,13,13,printed,,0,0,0,0,
hkcc-gt,Stalls 1,堂座1,T,2,,stalls1-centre,14,14,printed,,0,0,0,0,
hkcc-gt,Stalls 1,堂座1,T,2,,stalls1-centre,15,15,printed,,0,0,0,0,
hkcc-gt,Stalls 1,堂座1,T,2,,stalls1-centre,16,16,printed,,0,0,0,0,
hkcc-gt,Stalls 1,堂座1,T,2,,stalls1-centre,17,17,printed,,0,0,0,0,
hkcc-gt,Stalls 1,堂座1,T,2,,stalls1-centre,18,18,printed,,0,0,0,0,
hkcc-gt,Stalls 1,堂座1,T,2,,stalls1-centre,19,19,printed,,0,0,0,0,
hkcc-gt,Stalls 1,堂座1,T,2,,stalls1-centre,20,20,printed,,0,0,0,0,
hkcc-gt,Stalls 1,堂座1,T,2,,stalls1-centre,21,21,printed,,0,0,0,0,
hkcc-gt,Stalls 1,堂座1,T,2,,stalls1-centre,22,22,printed,,0,0,0,0,
hkcc-gt,Stalls 1,堂座1,T,2,,stalls1-centre,23,23,printed,,0,0,0,0,
hkcc-gt,Stalls 1,堂座1,T,2,,stalls1-centre,24,24,printed,,0,0,0,0,
hkcc-gt,Stalls 1,堂座1,T,2,,stalls1-centre,25,25,printed,,0,0,0,0,
hkcc-gt,Stalls 1,堂座1,T,2,,stalls1-centre,26,26,printed,,0,0,0,0,
hkcc-gt,Stalls 1,堂座1,T,2,,stalls1-centre,27,27,printed,,0,0,0,0,
hkcc-gt,Stalls 1,堂座1,T,2,,stalls1-centre,28,28,printed,,0,0,0,0,
hkcc-gt,Stalls 1,堂座1,T,2,,stalls1-centre,29,29,printed,,0,0,0,0,
hkcc-gt,Stalls 1,堂座1,T,2,,stalls1-centre,30,30,printed,,0,0,0,0,
hkcc-gt,Stalls 1,堂座1,T,2,,stalls1-centre,31,31,printed,,0,0,0,0,
hkcc-gt,Stalls 1,堂座1,T,2,,stalls1-centre,32,32,printed,,0,0,0,0,
hkcc-gt,Stalls 1,堂座1,T,2,,stalls1-centre,33,33,printed,,0,0,0,0,
hkcc-gt,Stalls 1,堂座1,T,2,,stalls1-centre,34,34,printed,,0,0,0,0,
hkcc-gt,Stalls 1,堂座1,T,2,,stalls1-centre,35,35,printed,,0,0,0,0,
hkcc-gt,Stalls 1,堂座1,T,3,,stalls1-right,36,36,printed,,0,0,0,0,
hkcc-gt,Stalls 1,堂座1,T,3,,stalls1-right,37,37,printed,,0,0,0,0,
hkcc-gt,Stalls 1,堂座1,T,3,,stalls1-right,38,38,printed,,0,0,0,0,
hkcc-gt,Stalls 1,堂座1,T,3,,stalls1-right,39,39,printed,,0,0,0,0,
hkcc-gt,Stalls 1,堂座1,T,3,,stalls1-right,40,40,printed,,0,0,0,0,
hkcc-gt,Stalls 1,堂座1,U,1,,stalls1-left,1,1,printed,,0,0,0,0,
hkcc-gt,Stalls 1,堂座1,U,1,,stalls1-left,2,2,printed,,0,0,0,0,
hkcc-gt,Stalls 1,堂座1,U,1,,stalls1-left,3,3,printed,,0,0,0,0,
hkcc-gt,Stalls 1,堂座1,U,2,,stalls1-centre,12,12,printed,,0,0,0,0,
hkcc-gt,Stalls 1,堂座1,U,2,,stalls1-centre,13,13,printed,,0,0,0,0,
hkcc-gt,Stalls 1,堂座1,U,2,,stalls1-centre,14,14,printed,,0,0,0,0,
hkcc-gt,Stalls 1,堂座1,U,2,,stalls1-centre,15,15,printed,,0,0,0,0,
hkcc-gt,Stalls 1,堂座1,U,2,,stalls1-centre,16,16,printed,,0,0,0,0,
hkcc-gt,Stalls 1,堂座1,U,2,,stalls1-centre,17,17,printed,,0,0,0,0,
hkcc-gt,Stalls 1,堂座1,U,2,,stalls1-centre,18,18,printed,,0,0,0,0,
hkcc-gt,Stalls 1,堂座1,U,2,,stalls1-centre,19,19,printed,,0,0,0,0,
hkcc-gt,Stalls 1,堂座1,U,2,,stalls1-centre,20,20,printed,,0,0,0,0,
hkcc-gt,Stalls 1,堂座1,U,2,,stalls1-centre,21,21,printed,,0,0,0,0,
hkcc-gt,Stalls 1,堂座1,U,2,,stalls1-centre,22,22,printed,,0,0,0,0,
hkcc-gt,Stalls 1,堂座1,U,2,,stalls1-centre,23,23,printed,,0,0,0,0,
hkcc-gt,Stalls 1,堂座1,U,2,,stalls1-centre,24,24,printed,,0,0,0,0,
hkcc-gt,Stalls 1,堂座1,U,2,,stalls1-centre,25,25,printed,,0,0,0,0,
hkcc-gt,Stalls 1,堂座1,U,2,,stalls1-centre,26,26,printed,,0,0,0,0,
hkcc-gt,Stalls 1,堂座1,U,2,,stalls1-centre,27,27,printed,,0,0,0,0,
hkcc-gt,Stalls 1,堂座1,U,2,,stalls1-centre,28,28,printed,,0,0,0,0,
hkcc-gt,Stalls 1,堂座1,U,2,,stalls1-centre,29,29,printed,,0,0,0,0,
hkcc-gt,Stalls 1,堂座1,U,2,,stalls1-centre,30,30,printed,,0,0,0,0,
hkcc-gt,Stalls 1,堂座1,U,2,,stalls1-centre,31,31,printed,,0,0,0,0,
hkcc-gt,Stalls 1,堂座1,U,2,,stalls1-centre,32,32,printed,,0,0,0,0,
hkcc-gt,Stalls 1,堂座1,U,2,,stalls1-centre,33,33,printed,,0,0,0,0,
hkcc-gt,Stalls 1,堂座1,U,2,,stalls1-centre,34,34,printed,,0,0,0,0,
hkcc-gt,Stalls 1,堂座1,U,2,,stalls1-centre,35,35,printed,,0,0,0,0,
hkcc-gt,Stalls 1,堂座1,U,3,,stalls1-right,36,36,printed,,0,0,0,0,
hkcc-gt,Stalls 1,堂座1,U,3,,stalls1-right,37,37,printed,,0,0,0,0,
hkcc-gt,Stalls 1,堂座1,U,3,,stalls1-right,38,38,printed,,0,0,0,0,
hkcc-gt,Stalls 1,堂座1,V,1,,stalls1-centre,12,12,printed,,0,0,0,0,
hkcc-gt,Stalls 1,堂座1,V,1,,stalls1-centre,13,13,printed,,0,0,0,0,
hkcc-gt,Stalls 1,堂座1,V,1,,stalls1-centre,14,14,printed,,0,0,0,0,
hkcc-gt,Stalls 1,堂座1,V,1,,stalls1-centre,15,15,printed,,0,0,0,0,
hkcc-gt,Stalls 1,堂座1,V,1,,stalls1-centre,16,16,printed,,0,0,0,0,
hkcc-gt,Stalls 1,堂座1,V,1,,stalls1-centre,17,17,printed,,0,0,0,0,
hkcc-gt,Stalls 1,堂座1,V,1,,stalls1-centre,18,18,printed,,0,0,0,0,
hkcc-gt,Stalls 1,堂座1,V,1,,stalls1-centre,19,19,printed,,0,0,0,0,
hkcc-gt,Stalls 1,堂座1,V,1,,stalls1-centre,20,20,printed,,0,0,0,0,
hkcc-gt,Stalls 1,堂座1,V,1,,stalls1-centre,21,21,printed,,0,0,0,0,
hkcc-gt,Stalls 1,堂座1,V,1,,stalls1-centre,22,22,printed,,0,0,0,0,
hkcc-gt,Stalls 1,堂座1,V,1,,stalls1-centre,23,23,printed,,0,0,0,0,
hkcc-gt,Stalls 1,堂座1,V,1,,stalls1-centre,24,24,printed,,0,0,0,0,
hkcc-gt,Stalls 1,堂座1,V,1,,stalls1-centre,25,25,printed,,0,0,0,0,
hkcc-gt,Stalls 1,堂座1,V,1,,stalls1-centre,26,26,printed,,0,0,0,0,
hkcc-gt,Stalls 1,堂座1,V,1,,stalls1-centre,27,27,printed,,0,0,0,0,
hkcc-gt,Stalls 1,堂座1,V,1,,stalls1-centre,28,28,printed,,0,0,0,0,
hkcc-gt,Stalls 1,堂座1,V,1,,stalls1-centre,29,29,printed,,0,0,0,0,
hkcc-gt,Stalls 1,堂座1,V,1,,stalls1-centre,30,30,printed,,0,0,0,0,
hkcc-gt,Stalls 1,堂座1,V,1,,stalls1-centre,31,31,printed,,0,0,0,0,
hkcc-gt,Stalls 1,堂座1,V,1,,stalls1-centre,32,32,printed,,0,0,0,0,
hkcc-gt,Stalls 1,堂座1,V,1,,stalls1-centre,33,33,printed,,0,0,0,0,
hkcc-gt,Stalls 1,堂座1,V,1,,stalls1-centre,34,34,printed,,0,0,0,0,
hkcc-gt,Stalls 1,堂座1,V,1,,stalls1-centre,35,35,printed,,0,0,0,0,
hkcc-gt,Stalls 1,堂座1,W,1,,stalls1-centre,12,12,printed,,0,0,0,0,
hkcc-gt,Stalls 1,堂座1,W,1,,stalls1-centre,13,13,printed,,0,0,0,0,
hkcc-gt,Stalls 1,堂座1,W,1,,stalls1-centre,14,14,printed,,0,0,0,0,
hkcc-gt,Stalls 1,堂座1,W,1,,stalls1-centre,15,15,printed,,0,0,0,0,
hkcc-gt,Stalls 1,堂座1,W,1,,stalls1-centre,16,16,printed,,0,0,0,0,
hkcc-gt,Stalls 1,堂座1,W,1,,stalls1-centre,17,17,printed,,0,0,0,0,
hkcc-gt,Stalls 1,堂座1,W,1,,stalls1-centre,18,18,printed,,0,0,0,0,
hkcc-gt,Stalls 1,堂座1,W,1,,stalls1-centre,19,19,printed,,0,0,0,0,
hkcc-gt,Stalls 1,堂座1,W,1,,stalls1-centre,20,20,printed,,0,0,0,0,
hkcc-gt,Stalls 1,堂座1,W,1,,stalls1-centre,21,21,printed,,0,0,0,0,
hkcc-gt,Stalls 1,堂座1,W,1,,stalls1-centre,22,22,printed,,0,0,0,0,
hkcc-gt,Stalls 1,堂座1,W,1,,stalls1-centre,23,23,printed,,0,0,0,0,
hkcc-gt,Stalls 1,堂座1,W,1,,stalls1-centre,24,24,printed,,0,0,0,0,
hkcc-gt,Stalls 1,堂座1,W,1,,stalls1-centre,25,25,printed,,0,0,0,0,
hkcc-gt,Stalls 1,堂座1,W,1,,stalls1-centre,26,26,printed,,0,0,0,0,
hkcc-gt,Stalls 1,堂座1,W,1,,stalls1-centre,27,27,printed,,0,0,0,0,
hkcc-gt,Stalls 1,堂座1,W,1,,stalls1-centre,28,28,printed,,0,0,0,0,
hkcc-gt,Stalls 1,堂座1,W,1,,stalls1-centre,29,29,printed,,0,0,0,0,
hkcc-gt,Stalls 1,堂座1,W,1,,stalls1-centre,30,30,printed,,0,0,0,0,
hkcc-gt,Stalls 1,堂座1,W,1,,stalls1-centre,31,31,printed,,0,0,0,0,
hkcc-gt,Stalls 1,堂座1,W,1,,stalls1-centre,32,32,printed,,0,0,0,0,
hkcc-gt,Stalls 1,堂座1,W,1,,stalls1-centre,33,33,printed,,0,0,0,0,
hkcc-gt,Stalls 1,堂座1,W,1,,stalls1-centre,34,34,printed,,0,0,0,0,
hkcc-gt,Stalls 1,堂座1,W,1,,stalls1-centre,35,35,printed,,0,0,0,0,
hkcc-gt,Stalls 1,堂座1,X,1,,stalls1-centre,12,12,printed,,0,0,0,0,
hkcc-gt,Stalls 1,堂座1,X,1,,stalls1-centre,13,13,printed,,0,0,0,0,
hkcc-gt,Stalls 1,堂座1,X,1,,stalls1-centre,14,14,printed,,0,0,0,0,
hkcc-gt,Stalls 1,堂座1,X,1,,stalls1-centre,15,15,printed,,0,0,0,0,
hkcc-gt,Stalls 1,堂座1,X,1,,stalls1-centre,16,16,printed,,0,0,0,0,
hkcc-gt,Stalls 1,堂座1,X,1,,stalls1-centre,17,17,printed,,0,0,0,0,
hkcc-gt,Stalls 1,堂座1,X,1,,stalls1-centre,18,18,printed,,0,0,0,0,
hkcc-gt,Stalls 1,堂座1,X,1,,stalls1-centre,19,19,printed,,0,0,0,0,
hkcc-gt,Stalls 1,堂座1,X,1,,stalls1-centre,20,20,printed,,0,0,0,0,
hkcc-gt,Stalls 1,堂座1,X,1,,stalls1-centre,21,21,printed,,0,0,0,0,
hkcc-gt,Stalls 1,堂座1,X,1,,stalls1-centre,22,22,printed,,0,0,0,0,
hkcc-gt,Stalls 1,堂座1,X,1,,stalls1-centre,23,23,printed,,0,0,0,0,
hkcc-gt,Stalls 1,堂座1,X,1,,stalls1-centre,24,24,printed,,0,0,0,0,
hkcc-gt,Stalls 1,堂座1,X,1,,stalls1-centre,25,25,printed,,0,0,0,0,
hkcc-gt,Stalls 1,堂座1,X,1,,stalls1-centre,26,26,printed,,0,0,0,0,
hkcc-gt,Stalls 1,堂座1,X,1,,stalls1-centre,27,27,printed,,0,0,0,0,
hkcc-gt,Stalls 1,堂座1,X,1,,stalls1-centre,28,28,printed,,0,0,0,0,
hkcc-gt,Stalls 1,堂座1,X,1,,stalls1-centre,29,29,printed,,0,0,0,0,
hkcc-gt,Stalls 1,堂座1,X,1,,stalls1-centre,30,30,printed,,0,0,0,0,
hkcc-gt,Stalls 1,堂座1,X,1,,stalls1-centre,31,31,printed,,0,0,0,0,
hkcc-gt,Stalls 1,堂座1,X,1,,stalls1-centre,32,32,printed,,0,0,0,0,
hkcc-gt,Stalls 1,堂座1,X,1,,stalls1-centre,33,33,printed,,0,0,0,0,
hkcc-gt,Stalls 1,堂座1,X,1,,stalls1-centre,34,34,printed,,0,0,0,0,
hkcc-gt,Stalls 1,堂座1,X,1,,stalls1-centre,35,35,printed,,0,0,0,0,
hkcc-gt,Stalls 1,堂座1,Y,1,,stalls1-centre,12,12,printed,,0,0,0,0,
hkcc-gt,Stalls 1,堂座1,Y,1,,stalls1-centre,13,13,printed,,0,0,0,0,
hkcc-gt,Stalls 1,堂座1,Y,1,,stalls1-centre,14,14,printed,,0,0,0,0,
hkcc-gt,Stalls 1,堂座1,Y,1,,stalls1-centre,15,15,printed,,0,0,0,0,
hkcc-gt,Stalls 1,堂座1,Y,1,,stalls1-centre,16,16,printed,,0,0,0,0,
hkcc-gt,Stalls 1,堂座1,Y,1,,stalls1-centre,17,17,printed,,0,0,0,0,
hkcc-gt,Stalls 1,堂座1,Y,1,,stalls1-centre,18,18,printed,,0,0,0,0,
hkcc-gt,Stalls 1,堂座1,Y,1,,stalls1-centre,19,19,printed,,0,0,0,0,
hkcc-gt,Stalls 1,堂座1,Y,1,,stalls1-centre,20,20,printed,,0,0,0,0,
hkcc-gt,Stalls 1,堂座1,Y,1,,stalls1-centre,21,21,printed,,0,0,0,0,
hkcc-gt,Stalls 1,堂座1,Y,1,,stalls1-centre,22,22,printed,,0,0,0,0,
hkcc-gt,Stalls 1,堂座1,Y,1,,stalls1-centre,23,23,printed,,0,0,0,0,
hkcc-gt,Stalls 1,堂座1,Y,1,,stalls1-centre,24,24,printed,,0,0,0,0,
hkcc-gt,Stalls 1,堂座1,Y,1,,stalls1-centre,25,25,printed,,0,0,0,0,
hkcc-gt,Stalls 1,堂座1,Y,1,,stalls1-centre,26,26,printed,,0,0,0,0,
hkcc-gt,Stalls 1,堂座1,Y,1,,stalls1-centre,27,27,printed,,0,0,0,0,
hkcc-gt,Stalls 1,堂座1,Y,1,,stalls1-centre,28,28,printed,,0,0,0,0,
hkcc-gt,Stalls 1,堂座1,Y,1,,stalls1-centre,29,29,printed,,0,0,0,0,
hkcc-gt,Stalls 1,堂座1,Y,1,,stalls1-centre,30,30,printed,,0,0,0,0,
hkcc-gt,Stalls 1,堂座1,Y,1,,stalls1-centre,31,31,printed,,0,0,0,0,
hkcc-gt,Stalls 1,堂座1,Y,1,,stalls1-centre,32,32,printed,,0,0,0,0,
hkcc-gt,Stalls 1,堂座1,Y,1,,stalls1-centre,X1,,none,X,0,1,0,0,
hkcc-gt,Stalls 1,堂座1,Y,1,,stalls1-centre,X2,,none,X,0,1,0,0,
hkcc-gt,Stalls 2,堂座2,A,1,,stalls2-left,1,1,printed,,0,0,0,0,
hkcc-gt,Stalls 2,堂座2,A,1,,stalls2-left,2,2,printed,,0,0,0,0,
hkcc-gt,Stalls 2,堂座2,A,2,,stalls2-right,34,34,printed,,0,0,0,0,
hkcc-gt,Stalls 2,堂座2,A,2,,stalls2-right,35,35,printed,,0,0,0,0,
hkcc-gt,Stalls 2,堂座2,B,1,,stalls2-left,1,1,printed,,0,0,0,0,
hkcc-gt,Stalls 2,堂座2,B,1,,stalls2-left,2,2,printed,,0,0,0,0,
hkcc-gt,Stalls 2,堂座2,B,1,,stalls2-left,3,3,printed,,0,0,0,0,
hkcc-gt,Stalls 2,堂座2,B,1,,stalls2-left,4,4,printed,L,0,0,0,1,
hkcc-gt,Stalls 2,堂座2,B,2,,stalls2-right,34,34,printed,,0,0,0,0,
hkcc-gt,Stalls 2,堂座2,B,2,,stalls2-right,35,35,printed,,0,0,0,0,
hkcc-gt,Stalls 2,堂座2,B,2,,stalls2-right,36,36,printed,,0,0,0,0,
hkcc-gt,Stalls 2,堂座2,C,1,,stalls2-left,1,1,printed,,0,0,0,0,
hkcc-gt,Stalls 2,堂座2,C,1,,stalls2-left,2,2,printed,,0,0,0,0,
hkcc-gt,Stalls 2,堂座2,C,1,,stalls2-left,3,3,printed,,0,0,0,0,
hkcc-gt,Stalls 2,堂座2,C,1,,stalls2-left,4,4,printed,,0,0,0,0,
hkcc-gt,Stalls 2,堂座2,C,1,,stalls2-left,5,5,printed,,0,0,0,0,
hkcc-gt,Stalls 2,堂座2,C,2,,stalls2-right,34,34,printed,,0,0,0,0,
hkcc-gt,Stalls 2,堂座2,C,2,,stalls2-right,35,35,printed,,0,0,0,0,
hkcc-gt,Stalls 2,堂座2,C,2,,stalls2-right,36,36,printed,,0,0,0,0,
hkcc-gt,Stalls 2,堂座2,C,2,,stalls2-right,37,37,printed,,0,0,0,0,
hkcc-gt,Stalls 2,堂座2,D,1,,stalls2-left,1,1,printed,,0,0,0,0,
hkcc-gt,Stalls 2,堂座2,D,1,,stalls2-left,2,2,printed,,0,0,0,0,
hkcc-gt,Stalls 2,堂座2,D,1,,stalls2-left,3,3,printed,,0,0,0,0,
hkcc-gt,Stalls 2,堂座2,D,1,,stalls2-left,4,4,printed,,0,0,0,0,
hkcc-gt,Stalls 2,堂座2,D,1,,stalls2-left,5,5,printed,,0,0,0,0,
hkcc-gt,Stalls 2,堂座2,D,1,,stalls2-left,6,6,printed,,0,0,0,0,
hkcc-gt,Stalls 2,堂座2,D,2,,stalls2-right,34,34,printed,,0,0,0,0,
hkcc-gt,Stalls 2,堂座2,D,2,,stalls2-right,35,35,printed,,0,0,0,0,
hkcc-gt,Stalls 2,堂座2,D,2,,stalls2-right,36,36,printed,,0,0,0,0,
hkcc-gt,Stalls 2,堂座2,D,2,,stalls2-right,37,37,printed,,0,0,0,0,
hkcc-gt,Stalls 2,堂座2,D,2,,stalls2-right,38,38,printed,,0,0,0,0,
hkcc-gt,Stalls 2,堂座2,E,1,,stalls2-left,1,1,printed,,0,0,0,0,
hkcc-gt,Stalls 2,堂座2,E,1,,stalls2-left,2,2,printed,,0,0,0,0,
hkcc-gt,Stalls 2,堂座2,E,1,,stalls2-left,3,3,printed,,0,0,0,0,
hkcc-gt,Stalls 2,堂座2,E,1,,stalls2-left,4,4,printed,,0,0,0,0,
hkcc-gt,Stalls 2,堂座2,E,1,,stalls2-left,5,5,printed,,0,0,0,0,
hkcc-gt,Stalls 2,堂座2,E,1,,stalls2-left,6,6,printed,,0,0,0,0,
hkcc-gt,Stalls 2,堂座2,E,1,,stalls2-left,7,7,printed,,0,0,0,0,
hkcc-gt,Stalls 2,堂座2,E,1,,stalls2-left,8,8,printed,L,0,0,0,1,
hkcc-gt,Stalls 2,堂座2,E,1,,stalls2-left,9,9,printed,,0,0,0,0,
hkcc-gt,Stalls 2,堂座2,E,1,,stalls2-left,10,10,printed,,0,0,0,0,
hkcc-gt,Stalls 2,堂座2,E,1,,stalls2-left,11,11,printed,,0,0,0,0,
hkcc-gt,Stalls 2,堂座2,E,2,,stalls2-centre,12,12,printed,,0,0,0,0,
hkcc-gt,Stalls 2,堂座2,E,2,,stalls2-centre,13,13,printed,,0,0,0,0,
hkcc-gt,Stalls 2,堂座2,E,2,,stalls2-centre,14,14,printed,,0,0,0,0,
hkcc-gt,Stalls 2,堂座2,E,2,,stalls2-centre,15,15,printed,,0,0,0,0,
hkcc-gt,Stalls 2,堂座2,E,2,,stalls2-centre,16,16,printed,,0,0,0,0,
hkcc-gt,Stalls 2,堂座2,E,2,,stalls2-centre,17,17,printed,,0,0,0,0,
hkcc-gt,Stalls 2,堂座2,E,2,,stalls2-centre,18,18,printed,,0,0,0,0,
hkcc-gt,Stalls 2,堂座2,E,2,,stalls2-centre,19,19,printed,,0,0,0,0,
hkcc-gt,Stalls 2,堂座2,E,2,,stalls2-centre,20,20,printed,,0,0,0,0,
hkcc-gt,Stalls 2,堂座2,E,2,,stalls2-centre,21,21,printed,,0,0,0,0,
hkcc-gt,Stalls 2,堂座2,E,2,,stalls2-centre,22,22,printed,,0,0,0,0,
hkcc-gt,Stalls 2,堂座2,E,2,,stalls2-centre,23,23,printed,,0,0,0,0,
hkcc-gt,Stalls 2,堂座2,E,2,,stalls2-centre,24,24,printed,,0,0,0,0,
hkcc-gt,Stalls 2,堂座2,E,2,,stalls2-centre,25,25,printed,,0,0,0,0,
hkcc-gt,Stalls 2,堂座2,E,2,,stalls2-centre,26,26,printed,,0,0,0,0,
hkcc-gt,Stalls 2,堂座2,E,2,,stalls2-centre,27,27,printed,,0,0,0,0,
hkcc-gt,Stalls 2,堂座2,E,2,,stalls2-centre,28,28,printed,,0,0,0,0,
hkcc-gt,Stalls 2,堂座2,E,2,,stalls2-centre,29,29,printed,,0,0,0,0,
hkcc-gt,Stalls 2,堂座2,E,2,,stalls2-centre,30,30,printed,,0,0,0,0,
hkcc-gt,Stalls 2,堂座2,E,2,,stalls2-centre,31,31,printed,,0,0,0,0,
hkcc-gt,Stalls 2,堂座2,E,2,,stalls2-centre,32,32,printed,,0,0,0,0,
hkcc-gt,Stalls 2,堂座2,E,2,,stalls2-centre,33,33,printed,,0,0,0,0,
hkcc-gt,Stalls 2,堂座2,E,3,,stalls2-right,X1,34,inferred,X,0,1,0,0,
hkcc-gt,Stalls 2,堂座2,E,3,,stalls2-right,X2,35,inferred,X,0,1,0,0,
hkcc-gt,Stalls 2,堂座2,E,3,,stalls2-right,36,36,printed,,0,0,0,0,
hkcc-gt,Stalls 2,堂座2,E,3,,stalls2-right,37,37,printed,L,0,0,0,1,
hkcc-gt,Stalls 2,堂座2,E,3,,stalls2-right,38,38,printed,L,0,0,0,1,
hkcc-gt,Stalls 2,堂座2,E,3,,stalls2-right,39,39,printed,,0,0,0,0,
hkcc-gt,Stalls 2,堂座2,E,3,,stalls2-right,40,40,printed,,0,0,0,0,
hkcc-gt,Stalls 2,堂座2,E,3,,stalls2-right,41,41,printed,,0,0,0,0,
hkcc-gt,Stalls 2,堂座2,E,3,,stalls2-right,42,42,printed,,0,0,0,0,
hkcc-gt,Stalls 2,堂座2,E,3,,stalls2-right,43,43,printed,,0,0,0,0,
hkcc-gt,Stalls 2,堂座2,E,3,,stalls2-right,44,44,printed,,0,0,0,0,
hkcc-gt,Stalls 2,堂座2,F,1,,stalls2-left,1,1,printed,,0,0,0,0,
hkcc-gt,Stalls 2,堂座2,F,1,,stalls2-left,2,2,printed,,0,0,0,0,
hkcc-gt,Stalls 2,堂座2,F,1,,stalls2-left,3,3,printed,,0,0,0,0,
hkcc-gt,Stalls 2,堂座2,F,1,,stalls2-left,4,4,printed,,0,0,0,0,
hkcc-gt,Stalls 2,堂座2,F,1,,stalls2-left,5,5,printed,,0,0,0,0,
hkcc-gt,Stalls 2,堂座2,F,1,,stalls2-left,6,6,printed,,0,0,0,0,
hkcc-gt,Stalls 2,堂座2,F,1,,stalls2-left,7,7,printed,,0,0,0,0,
hkcc-gt,Stalls 2,堂座2,F,1,,stalls2-left,8,8,printed,,0,0,0,0,
hkcc-gt,Stalls 2,堂座2,F,1,,stalls2-left,9,9,printed,,0,0,0,0,
hkcc-gt,Stalls 2,堂座2,F,1,,stalls2-left,10,10,printed,,0,0,0,0,
hkcc-gt,Stalls 2,堂座2,F,1,,stalls2-left,11,11,printed,,0,0,0,0,
hkcc-gt,Stalls 2,堂座2,F,2,,stalls2-centre,12,12,printed,,0,0,0,0,
hkcc-gt,Stalls 2,堂座2,F,2,,stalls2-centre,13,13,printed,,0,0,0,0,
hkcc-gt,Stalls 2,堂座2,F,2,,stalls2-centre,14,14,printed,,0,0,0,0,
hkcc-gt,Stalls 2,堂座2,F,2,,stalls2-centre,15,15,printed,,0,0,0,0,
hkcc-gt,Stalls 2,堂座2,F,2,,stalls2-centre,16,16,printed,,0,0,0,0,
hkcc-gt,Stalls 2,堂座2,F,2,,stalls2-centre,17,17,printed,,0,0,0,0,
hkcc-gt,Stalls 2,堂座2,F,2,,stalls2-centre,18,18,printed,,0,0,0,0,
hkcc-gt,Stalls 2,堂座2,F,2,,stalls2-centre,19,19,printed,,0,0,0,0,
hkcc-gt,Stalls 2,堂座2,F,2,,stalls2-centre,20,20,printed,,0,0,0,0,
hkcc-gt,Stalls 2,堂座2,F,2,,stalls2-centre,21,21,printed,,0,0,0,0,
hkcc-gt,Stalls 2,堂座2,F,2,,stalls2-centre,22,22,printed,,0,0,0,0,
hkcc-gt,Stalls 2,堂座2,F,2,,stalls2-centre,23,23,printed,,0,0,0,0,
hkcc-gt,Stalls 2,堂座2,F,2,,stalls2-centre,24,24,printed,,0,0,0,0,
hkcc-gt,Stalls 2,堂座2,F,2,,stalls2-centre,25,25,printed,,0,0,0,0,
hkcc-gt,Stalls 2,堂座2,F,2,,stalls2-centre,26,26,printed,,0,0,0,0,
hkcc-gt,Stalls 2,堂座2,F,2,,stalls2-centre,27,27,printed,,0,0,0,0,
hkcc-gt,Stalls 2,堂座2,F,2,,stalls2-centre,28,28,printed,,0,0,0,0,
hkcc-gt,Stalls 2,堂座2,F,2,,stalls2-centre,29,29,printed,,0,0,0,0,
hkcc-gt,Stalls 2,堂座2,F,2,,stalls2-centre,30,30,printed,,0,0,0,0,
hkcc-gt,Stalls 2,堂座2,F,2,,stalls2-centre,31,31,printed,,0,0,0,0,
hkcc-gt,Stalls 2,堂座2,F,2,,stalls2-centre,32,32,printed,,0,0,0,0,
hkcc-gt,Stalls 2,堂座2,F,2,,stalls2-centre,33,33,printed,,0,0,0,0,
hkcc-gt,Stalls 2,堂座2,F,3,,stalls2-right,34,34,printed,,0,0,0,0,
hkcc-gt,Stalls 2,堂座2,F,3,,stalls2-right,35,35,printed,,0,0,0,0,
hkcc-gt,Stalls 2,堂座2,F,3,,stalls2-right,36,36,printed,,0,0,0,0,
hkcc-gt,Stalls 2,堂座2,F,3,,stalls2-right,37,37,printed,,0,0,0,0,
hkcc-gt,Stalls 2,堂座2,F,3,,stalls2-right,38,38,printed,,0,0,0,0,
hkcc-gt,Stalls 2,堂座2,F,3,,stalls2-right,39,39,printed,,0,0,0,0,
hkcc-gt,Stalls 2,堂座2,F,3,,stalls2-right,40,40,printed,,0,0,0,0,
hkcc-gt,Stalls 2,堂座2,F,3,,stalls2-right,41,41,printed,,0,0,0,0,
hkcc-gt,Stalls 2,堂座2,F,3,,stalls2-right,42,42,printed,,0,0,0,0,
hkcc-gt,Stalls 2,堂座2,F,3,,stalls2-right,43,43,printed,,0,0,0,0,
hkcc-gt,Stalls 2,堂座2,F,3,,stalls2-right,44,44,printed,,0,0,0,0,
hkcc-gt,Stalls 2,堂座2,G,1,,stalls2-left,1,1,printed,,0,0,0,0,
hkcc-gt,Stalls 2,堂座2,G,1,,stalls2-left,2,2,printed,,0,0,0,0,
hkcc-gt,Stalls 2,堂座2,G,1,,stalls2-left,3,3,printed,,0,0,0,0,
hkcc-gt,Stalls 2,堂座2,G,1,,stalls2-left,4,4,printed,,0,0,0,0,
hkcc-gt,Stalls 2,堂座2,G,1,,stalls2-left,5,5,printed,,0,0,0,0,
hkcc-gt,Stalls 2,堂座2,G,1,,stalls2-left,6,6,printed,,0,0,0,0,
hkcc-gt,Stalls 2,堂座2,G,1,,stalls2-left,7,7,printed,,0,0,0,0,
hkcc-gt,Stalls 2,堂座2,G,1,,stalls2-left,8,8,printed,,0,0,0,0,
hkcc-gt,Stalls 2,堂座2,G,1,,stalls2-left,9,9,printed,,0,0,0,0,
hkcc-gt,Stalls 2,堂座2,G,1,,stalls2-left,10,10,printed,,0,0,0,0,
hkcc-gt,Stalls 2,堂座2,G,1,,stalls2-left,11,11,printed,,0,0,0,0,
hkcc-gt,Stalls 2,堂座2,G,2,,stalls2-centre,12,12,printed,,0,0,0,0,
hkcc-gt,Stalls 2,堂座2,G,2,,stalls2-centre,13,13,printed,,0,0,0,0,
hkcc-gt,Stalls 2,堂座2,G,2,,stalls2-centre,14,14,printed,,0,0,0,0,
hkcc-gt,Stalls 2,堂座2,G,2,,stalls2-centre,15,15,printed,,0,0,0,0,
hkcc-gt,Stalls 2,堂座2,G,2,,stalls2-centre,16,16,printed,,0,0,0,0,
hkcc-gt,Stalls 2,堂座2,G,2,,stalls2-centre,17,17,printed,,0,0,0,0,
hkcc-gt,Stalls 2,堂座2,G,2,,stalls2-centre,18,18,printed,,0,0,0,0,
hkcc-gt,Stalls 2,堂座2,G,2,,stalls2-centre,19,19,printed,,0,0,0,0,
hkcc-gt,Stalls 2,堂座2,G,2,,stalls2-centre,20,20,printed,,0,0,0,0,
hkcc-gt,Stalls 2,堂座2,G,2,,stalls2-centre,21,21,printed,,0,0,0,0,
hkcc-gt,Stalls 2,堂座2,G,2,,stalls2-centre,22,22,printed,,0,0,0,0,
hkcc-gt,Stalls 2,堂座2,G,2,,stalls2-centre,23,23,printed,,0,0,0,0,
hkcc-gt,Stalls 2,堂座2,G,2,,stalls2-centre,24,24,printed,,0,0,0,0,
hkcc-gt,Stalls 2,堂座2,G,2,,stalls2-centre,25,25,printed,,0,0,0,0,
hkcc-gt,Stalls 2,堂座2,G,2,,stalls2-centre,26,26,printed,,0,0,0,0,
hkcc-gt,Stalls 2,堂座2,G,2,,stalls2-centre,27,27,printed,,0,0,0,0,
hkcc-gt,Stalls 2,堂座2,G,2,,stalls2-centre,28,28,printed,,0,0,0,0,
hkcc-gt,Stalls 2,堂座2,G,2,,stalls2-centre,29,29,printed,,0,0,0,0,
hkcc-gt,Stalls 2,堂座2,G,2,,stalls2-centre,30,30,printed,,0,0,0,0,
hkcc-gt,Stalls 2,堂座2,G,2,,stalls2-centre,31,31,printed,,0,0,0,0,
hkcc-gt,Stalls 2,堂座2,G,2,,stalls2-centre,32,32,printed,,0,0,0,0,
hkcc-gt,Stalls 2,堂座2,G,2,,stalls2-centre,33,33,printed,,0,0,0,0,
hkcc-gt,Stalls 2,堂座2,G,3,,stalls2-right,34,34,printed,,0,0,0,0,
hkcc-gt,Stalls 2,堂座2,G,3,,stalls2-right,35,35,printed,,0,0,0,0,
hkcc-gt,Stalls 2,堂座2,G,3,,stalls2-right,36,36,printed,,0,0,0,0,
hkcc-gt,Stalls 2,堂座2,G,3,,stalls2-right,37,37,printed,,0,0,0,0,
hkcc-gt,Stalls 2,堂座2,G,3,,stalls2-right,38,38,printed,,0,0,0,0,
hkcc-gt,Stalls 2,堂座2,G,3,,stalls2-right,39,39,printed,,0,0,0,0,
hkcc-gt,Stalls 2,堂座2,G,3,,stalls2-right,40,40,printed,,0,0,0,0,
hkcc-gt,Stalls 2,堂座2,G,3,,stalls2-right,41,41,printed,,0,0,0,0,
hkcc-gt,Stalls 2,堂座2,G,3,,stalls2-right,42,42,printed,,0,0,0,0,
hkcc-gt,Stalls 2,堂座2,G,3,,stalls2-right,43,43,printed,,0,0,0,0,
hkcc-gt,Stalls 2,堂座2,G,3,,stalls2-right,44,44,printed,,0,0,0,0,
hkcc-gt,Stalls 2,堂座2,H,1,,stalls2-left,1,1,printed,,0,0,0,0,
hkcc-gt,Stalls 2,堂座2,H,1,,stalls2-left,2,2,printed,,0,0,0,0,
hkcc-gt,Stalls 2,堂座2,H,1,,stalls2-left,3,3,printed,,0,0,0,0,
hkcc-gt,Stalls 2,堂座2,H,1,,stalls2-left,4,4,printed,,0,0,0,0,
hkcc-gt,Stalls 2,堂座2,H,1,,stalls2-left,5,5,printed,,0,0,0,0,
hkcc-gt,Stalls 2,堂座2,H,1,,stalls2-left,6,6,printed,,0,0,0,0,
hkcc-gt,Stalls 2,堂座2,H,1,,stalls2-left,7,7,printed,,0,0,0,0,
hkcc-gt,Stalls 2,堂座2,H,1,,stalls2-left,8,8,printed,,0,0,0,0,
hkcc-gt,Stalls 2,堂座2,H,1,,stalls2-left,9,9,printed,,0,0,0,0,
hkcc-gt,Stalls 2,堂座2,H,1,,stalls2-left,10,10,printed,,0,0,0,0,
hkcc-gt,Stalls 2,堂座2,H,1,,stalls2-left,11,11,printed,,0,0,0,0,
hkcc-gt,Stalls 2,堂座2,H,2,,stalls2-centre,12,12,printed,,0,0,0,0,
hkcc-gt,Stalls 2,堂座2,H,2,,stalls2-centre,13,13,printed,,0,0,0,0,
hkcc-gt,Stalls 2,堂座2,H,2,,stalls2-centre,14,14,printed,,0,0,0,0,
hkcc-gt,Stalls 2,堂座2,H,2,,stalls2-centre,15,15,printed,,0,0,0,0,
hkcc-gt,Stalls 2,堂座2,H,2,,stalls2-centre,16,16,printed,,0,0,0,0,
hkcc-gt,Stalls 2,堂座2,H,2,,stalls2-centre,17,17,printed,,0,0,0,0,
hkcc-gt,Stalls 2,堂座2,H,2,,stalls2-centre,18,18,printed,,0,0,0,0,
hkcc-gt,Stalls 2,堂座2,H,2,,stalls2-centre,19,19,printed,,0,0,0,0,
hkcc-gt,Stalls 2,堂座2,H,2,,stalls2-centre,20,20,printed,,0,0,0,0,
hkcc-gt,Stalls 2,堂座2,H,2,,stalls2-centre,21,21,printed,,0,0,0,0,
hkcc-gt,Stalls 2,堂座2,H,2,,stalls2-centre,22,22,printed,,0,0,0,0,
hkcc-gt,Stalls 2,堂座2,H,2,,stalls2-centre,23,23,printed,,0,0,0,0,
hkcc-gt,Stalls 2,堂座2,H,2,,stalls2-centre,24,24,printed,,0,0,0,0,
hkcc-gt,Stalls 2,堂座2,H,2,,stalls2-centre,25,25,printed,,0,0,0,0,
hkcc-gt,Stalls 2,堂座2,H,2,,stalls2-centre,26,26,printed,,0,0,0,0,
hkcc-gt,Stalls 2,堂座2,H,2,,stalls2-centre,27,27,printed,,0,0,0,0,
hkcc-gt,Stalls 2,堂座2,H,2,,stalls2-centre,28,28,printed,,0,0,0,0,
hkcc-gt,Stalls 2,堂座2,H,2,,stalls2-centre,29,29,printed,,0,0,0,0,
hkcc-gt,Stalls 2,堂座2,H,2,,stalls2-centre,30,30,printed,,0,0,0,0,
hkcc-gt,Stalls 2,堂座2,H,2,,stalls2-centre,31,31,printed,,0,0,0,0,
hkcc-gt,Stalls 2,堂座2,H,2,,stalls2-centre,32,32,printed,,0,0,0,0,
hkcc-gt,Stalls 2,堂座2,H,2,,stalls2-centre,33,33,printed,,0,0,0,0,
hkcc-gt,Stalls 2,堂座2,H,3,,stalls2-right,34,34,printed,,0,0,0,0,
hkcc-gt,Stalls 2,堂座2,H,3,,stalls2-right,35,35,printed,,0,0,0,0,
hkcc-gt,Stalls 2,堂座2,H,3,,stalls2-right,36,36,printed,,0,0,0,0,
hkcc-gt,Stalls 2,堂座2,H,3,,stalls2-right,37,37,printed,,0,0,0,0,
hkcc-gt,Stalls 2,堂座2,H,3,,stalls2-right,38,38,printed,,0,0,0,0,
hkcc-gt,Stalls 2,堂座2,H,3,,stalls2-right,39,39,printed,,0,0,0,0,
hkcc-gt,Stalls 2,堂座2,H,3,,stalls2-right,40,40,printed,,0,0,0,0,
hkcc-gt,Stalls 2,堂座2,H,3,,stalls2-right,41,41,printed,,0,0,0,0,
hkcc-gt,Stalls 2,堂座2,H,3,,stalls2-right,42,42,printed,,0,0,0,0,
hkcc-gt,Stalls 2,堂座2,H,3,,stalls2-right,43,43,printed,,0,0,0,0,
hkcc-gt,Stalls 2,堂座2,H,3,,stalls2-right,44,44,printed,,0,0,0,0,
hkcc-gt,Stalls 2,堂座2,I,1,,stalls2-left,1,1,printed,,0,0,0,0,
hkcc-gt,Stalls 2,堂座2,I,1,,stalls2-left,2,2,printed,,0,0,0,0,
hkcc-gt,Stalls 2,堂座2,I,1,,stalls2-left,3,3,printed,,0,0,0,0,
hkcc-gt,Stalls 2,堂座2,I,1,,stalls2-left,4,4,printed,,0,0,0,0,
hkcc-gt,Stalls 2,堂座2,I,1,,stalls2-left,5,5,printed,,0,0,0,0,
hkcc-gt,Stalls 2,堂座2,I,1,,stalls2-left,6,6,printed,,0,0,0,0,
hkcc-gt,Stalls 2,堂座2,I,1,,stalls2-left,7,7,printed,,0,0,0,0,
hkcc-gt,Stalls 2,堂座2,I,1,,stalls2-left,8,8,printed,,0,0,0,0,
hkcc-gt,Stalls 2,堂座2,I,1,,stalls2-left,9,9,printed,,0,0,0,0,
hkcc-gt,Stalls 2,堂座2,I,1,,stalls2-left,10,10,printed,,0,0,0,0,
hkcc-gt,Stalls 2,堂座2,I,1,,stalls2-left,11,11,printed,,0,0,0,0,
hkcc-gt,Stalls 2,堂座2,I,2,,stalls2-centre,12,12,printed,,0,0,0,0,
hkcc-gt,Stalls 2,堂座2,I,2,,stalls2-centre,13,13,printed,,0,0,0,0,
hkcc-gt,Stalls 2,堂座2,I,2,,stalls2-centre,14,14,printed,,0,0,0,0,
hkcc-gt,Stalls 2,堂座2,I,2,,stalls2-centre,15,15,printed,,0,0,0,0,
hkcc-gt,Stalls 2,堂座2,I,2,,stalls2-centre,16,16,printed,,0,0,0,0,
hkcc-gt,Stalls 2,堂座2,I,2,,stalls2-centre,17,17,printed,,0,0,0,0,
hkcc-gt,Stalls 2,堂座2,I,2,,stalls2-centre,18,18,printed,,0,0,0,0,
hkcc-gt,Stalls 2,堂座2,I,2,,stalls2-centre,19,19,printed,,0,0,0,0,
hkcc-gt,Stalls 2,堂座2,I,2,,stalls2-centre,20,20,printed,,0,0,0,0,
hkcc-gt,Stalls 2,堂座2,I,2,,stalls2-centre,21,21,printed,,0,0,0,0,
hkcc-gt,Stalls 2,堂座2,I,2,,stalls2-centre,22,22,printed,,0,0,0,0,
hkcc-gt,Stalls 2,堂座2,I,2,,stalls2-centre,23,23,printed,,0,0,0,0,
hkcc-gt,Stalls 2,堂座2,I,2,,stalls2-centre,24,24,printed,,0,0,0,0,
hkcc-gt,Stalls 2,堂座2,I,2,,stalls2-centre,25,25,printed,,0,0,0,0,
hkcc-gt,Stalls 2,堂座2,I,2,,stalls2-centre,26,26,printed,,0,0,0,0,
hkcc-gt,Stalls 2,堂座2,I,2,,stalls2-centre,27,27,printed,,0,0,0,0,
hkcc-gt,Stalls 2,堂座2,I,2,,stalls2-centre,28,28,printed,,0,0,0,0,
hkcc-gt,Stalls 2,堂座2,I,2,,stalls2-centre,29,29,printed,,0,0,0,0,
hkcc-gt,Stalls 2,堂座2,I,2,,stalls2-centre,30,30,printed,,0,0,0,0,
hkcc-gt,Stalls 2,堂座2,I,2,,stalls2-centre,31,31,printed,,0,0,0,0,
hkcc-gt,Stalls 2,堂座2,I,2,,stalls2-centre,32,32,printed,,0,0,0,0,
hkcc-gt,Stalls 2,堂座2,I,2,,stalls2-centre,33,33,printed,,0,0,0,0,
hkcc-gt,Stalls 2,堂座2,I,3,,stalls2-right,34,34,printed,,0,0,0,0,
hkcc-gt,Stalls 2,堂座2,I,3,,stalls2-right,35,35,printed,,0,0,0,0,
hkcc-gt,Stalls 2,堂座2,I,3,,stalls2-right,36,36,printed,,0,0,0,0,
hkcc-gt,Stalls 2,堂座2,I,3,,stalls2-right,37,37,printed,,0,0,0,0,
hkcc-gt,Stalls 2,堂座2,I,3,,stalls2-right,38,38,printed,,0,0,0,0,
hkcc-gt,Stalls 2,堂座2,I,3,,stalls2-right,39,39,printed,,0,0,0,0,
hkcc-gt,Stalls 2,堂座2,I,3,,stalls2-right,40,40,printed,,0,0,0,0,
hkcc-gt,Stalls 2,堂座2,I,3,,stalls2-right,41,41,printed,,0,0,0,0,
hkcc-gt,Stalls 2,堂座2,I,3,,stalls2-right,42,42,printed,,0,0,0,0,
hkcc-gt,Stalls 2,堂座2,I,3,,stalls2-right,43,43,printed,,0,0,0,0,
hkcc-gt,Stalls 2,堂座2,I,3,,stalls2-right,44,44,printed,,0,0,0,0,
hkcc-gt,Stalls 2,堂座2,J,1,,stalls2-left,1,1,printed,,0,0,0,0,
hkcc-gt,Stalls 2,堂座2,J,1,,stalls2-left,2,2,printed,,0,0,0,0,
hkcc-gt,Stalls 2,堂座2,J,1,,stalls2-left,3,3,printed,,0,0,0,0,
hkcc-gt,Stalls 2,堂座2,J,1,,stalls2-left,4,4,printed,,0,0,0,0,
hkcc-gt,Stalls 2,堂座2,J,1,,stalls2-left,5,5,printed,,0,0,0,0,
hkcc-gt,Stalls 2,堂座2,J,1,,stalls2-left,6,6,printed,,0,0,0,0,
hkcc-gt,Stalls 2,堂座2,J,1,,stalls2-left,7,7,printed,,0,0,0,0,
hkcc-gt,Stalls 2,堂座2,J,1,,stalls2-left,8,8,printed,,0,0,0,0,
hkcc-gt,Stalls 2,堂座2,J,1,,stalls2-left,9,9,printed,,0,0,0,0,
hkcc-gt,Stalls 2,堂座2,J,1,,stalls2-left,10,10,printed,,0,0,0,0,
hkcc-gt,Stalls 2,堂座2,J,1,,stalls2-left,11,11,printed,,0,0,0,0,
hkcc-gt,Stalls 2,堂座2,J,2,,stalls2-centre,12,12,printed,,0,0,0,0,
hkcc-gt,Stalls 2,堂座2,J,2,,stalls2-centre,13,13,printed,,0,0,0,0,
hkcc-gt,Stalls 2,堂座2,J,2,,stalls2-centre,14,14,printed,,0,0,0,0,
hkcc-gt,Stalls 2,堂座2,J,2,,stalls2-centre,15,15,printed,,0,0,0,0,
hkcc-gt,Stalls 2,堂座2,J,2,,stalls2-centre,16,16,printed,,0,0,0,0,
hkcc-gt,Stalls 2,堂座2,J,2,,stalls2-centre,17,17,printed,,0,0,0,0,
hkcc-gt,Stalls 2,堂座2,J,2,,stalls2-centre,18,18,printed,,0,0,0,0,
hkcc-gt,Stalls 2,堂座2,J,2,,stalls2-centre,19,19,printed,,0,0,0,0,
hkcc-gt,Stalls 2,堂座2,J,2,,stalls2-centre,20,20,printed,,0,0,0,0,
hkcc-gt,Stalls 2,堂座2,J,2,,stalls2-centre,21,21,printed,,0,0,0,0,
hkcc-gt,Stalls 2,堂座2,J,2,,stalls2-centre,22,22,printed,,0,0,0,0,
hkcc-gt,Stalls 2,堂座2,J,2,,stalls2-centre,23,23,printed,,0,0,0,0,
hkcc-gt,Stalls 2,堂座2,J,2,,stalls2-centre,24,24,printed,,0,0,0,0,
hkcc-gt,Stalls 2,堂座2,J,2,,stalls2-centre,25,25,printed,,0,0,0,0,
hkcc-gt,Stalls 2,堂座2,J,2,,stalls2-centre,26,26,printed,,0,0,0,0,
hkcc-gt,Stalls 2,堂座2,J,2,,stalls2-centre,27,27,printed,,0,0,0,0,
hkcc-gt,Stalls 2,堂座2,J,2,,stalls2-centre,28,28,printed,,0,0,0,0,
hkcc-gt,Stalls 2,堂座2,J,2,,stalls2-centre,29,29,printed,,0,0,0,0,
hkcc-gt,Stalls 2,堂座2,J,2,,stalls2-centre,30,30,printed,,0,0,0,0,
hkcc-gt,Stalls 2,堂座2,J,2,,stalls2-centre,31,31,printed,,0,0,0,0,
hkcc-gt,Stalls 2,堂座2,J,2,,stalls2-centre,32,32,printed,,0,0,0,0,
hkcc-gt,Stalls 2,堂座2,J,2,,stalls2-centre,33,33,printed,,0,0,0,0,
hkcc-gt,Stalls 2,堂座2,J,3,,stalls2-right,34,34,printed,,0,0,0,0,
hkcc-gt,Stalls 2,堂座2,J,3,,stalls2-right,35,35,printed,,0,0,0,0,
hkcc-gt,Stalls 2,堂座2,J,3,,stalls2-right,36,36,printed,,0,0,0,0,
hkcc-gt,Stalls 2,堂座2,J,3,,stalls2-right,37,37,printed,,0,0,0,0,
hkcc-gt,Stalls 2,堂座2,J,3,,stalls2-right,38,38,printed,,0,0,0,0,
hkcc-gt,Stalls 2,堂座2,J,3,,stalls2-right,39,39,printed,,0,0,0,0,
hkcc-gt,Stalls 2,堂座2,J,3,,stalls2-right,40,40,printed,,0,0,0,0,
hkcc-gt,Stalls 2,堂座2,J,3,,stalls2-right,41,41,printed,,0,0,0,0,
hkcc-gt,Stalls 2,堂座2,J,3,,stalls2-right,42,42,printed,,0,0,0,0,
hkcc-gt,Stalls 2,堂座2,J,3,,stalls2-right,43,43,printed,,0,0,0,0,
hkcc-gt,Stalls 2,堂座2,J,3,,stalls2-right,44,44,printed,,0,0,0,0,
hkcc-gt,Stalls 2,堂座2,K,1,,stalls2-left,1,1,printed,,0,0,0,0,
hkcc-gt,Stalls 2,堂座2,K,1,,stalls2-left,2,2,printed,,0,0,0,0,
hkcc-gt,Stalls 2,堂座2,K,1,,stalls2-left,3,3,printed,,0,0,0,0,
hkcc-gt,Stalls 2,堂座2,K,1,,stalls2-left,4,4,printed,,0,0,0,0,
hkcc-gt,Stalls 2,堂座2,K,1,,stalls2-left,5,5,printed,,0,0,0,0,
hkcc-gt,Stalls 2,堂座2,K,1,,stalls2-left,6,6,printed,,0,0,0,0,
hkcc-gt,Stalls 2,堂座2,K,1,,stalls2-left,7,7,printed,,0,0,0,0,
hkcc-gt,Stalls 2,堂座2,K,1,,stalls2-left,8,8,printed,,0,0,0,0,
hkcc-gt,Stalls 2,堂座2,K,1,,stalls2-left,9,9,printed,,0,0,0,0,
hkcc-gt,Stalls 2,堂座2,K,1,,stalls2-left,10,10,printed,,0,0,0,0,
hkcc-gt,Stalls 2,堂座2,K,1,,stalls2-left,11,11,printed,,0,0,0,0,
hkcc-gt,Stalls 2,堂座2,K,2,,stalls2-centre,12,12,printed,,0,0,0,0,
hkcc-gt,Stalls 2,堂座2,K,2,,stalls2-centre,13,13,printed,,0,0,0,0,
hkcc-gt,Stalls 2,堂座2,K,2,,stalls2-centre,14,14,printed,,0,0,0,0,
hkcc-gt,Stalls 2,堂座2,K,2,,stalls2-centre,15,15,printed,,0,0,0,0,
hkcc-gt,Stalls 2,堂座2,K,2,,stalls2-centre,16,16,printed,,0,0,0,0,
hkcc-gt,Stalls 2,堂座2,K,2,,stalls2-centre,17,17,printed,,0,0,0,0,
hkcc-gt,Stalls 2,堂座2,K,2,,stalls2-centre,18,18,printed,,0,0,0,0,
hkcc-gt,Stalls 2,堂座2,K,2,,stalls2-centre,19,19,printed,,0,0,0,0,
hkcc-gt,Stalls 2,堂座2,K,2,,stalls2-centre,20,20,printed,,0,0,0,0,
hkcc-gt,Stalls 2,堂座2,K,2,,stalls2-centre,21,21,printed,,0,0,0,0,
hkcc-gt,Stalls 2,堂座2,K,2,,stalls2-centre,22,22,printed,,0,0,0,0,
hkcc-gt,Stalls 2,堂座2,K,2,,stalls2-centre,23,23,printed,,0,0,0,0,
hkcc-gt,Stalls 2,堂座2,K,2,,stalls2-centre,24,24,printed,,0,0,0,0,
hkcc-gt,Stalls 2,堂座2,K,2,,stalls2-centre,25,25,printed,,0,0,0,0,
hkcc-gt,Stalls 2,堂座2,K,2,,stalls2-centre,26,26,printed,,0,0,0,0,
hkcc-gt,Stalls 2,堂座2,K,2,,stalls2-centre,27,27,printed,,0,0,0,0,
hkcc-gt,Stalls 2,堂座2,K,2,,stalls2-centre,28,28,printed,,0,0,0,0,
hkcc-gt,Stalls 2,堂座2,K,2,,stalls2-centre,29,29,printed,,0,0,0,0,
hkcc-gt,Stalls 2,堂座2,K,2,,stalls2-centre,30,30,printed,,0,0,0,0,
hkcc-gt,Stalls 2,堂座2,K,2,,stalls2-centre,31,31,printed,,0,0,0,0,
hkcc-gt,Stalls 2,堂座2,K,2,,stalls2-centre,32,32,printed,,0,0,0,0,
hkcc-gt,Stalls 2,堂座2,K,2,,stalls2-centre,33,33,printed,,0,0,0,0,
hkcc-gt,Stalls 2,堂座2,K,3,,stalls2-right,34,34,printed,,0,0,0,0,
hkcc-gt,Stalls 2,堂座2,K,3,,stalls2-right,35,35,printed,,0,0,0,0,
hkcc-gt,Stalls 2,堂座2,K,3,,stalls2-right,36,36,printed,,0,0,0,0,
hkcc-gt,Stalls 2,堂座2,K,3,,stalls2-right,37,37,printed,,0,0,0,0,
hkcc-gt,Stalls 2,堂座2,K,3,,stalls2-right,38,38,printed,,0,0,0,0,
hkcc-gt,Stalls 2,堂座2,K,3,,stalls2-right,39,39,printed,,0,0,0,0,
hkcc-gt,Stalls 2,堂座2,K,3,,stalls2-right,40,40,printed,,0,0,0,0,
hkcc-gt,Stalls 2,堂座2,K,3,,stalls2-right,41,41,printed,,0,0,0,0,
hkcc-gt,Stalls 2,堂座2,K,3,,stalls2-right,42,42,printed,,0,0,0,0,
hkcc-gt,Stalls 2,堂座2,K,3,,stalls2-right,43,43,printed,,0,0,0,0,
hkcc-gt,Stalls 2,堂座2,K,3,,stalls2-right,44,44,printed,,0,0,0,0,
hkcc-gt,Stalls 2,堂座2,L,1,,stalls2-left,1,1,printed,,0,0,0,0,
hkcc-gt,Stalls 2,堂座2,L,1,,stalls2-left,2,2,printed,,0,0,0,0,
hkcc-gt,Stalls 2,堂座2,L,1,,stalls2-left,3,3,printed,,0,0,0,0,
hkcc-gt,Stalls 2,堂座2,L,1,,stalls2-left,4,4,printed,,0,0,0,0,
hkcc-gt,Stalls 2,堂座2,L,1,,stalls2-left,5,5,printed,,0,0,0,0,
hkcc-gt,Stalls 2,堂座2,L,1,,stalls2-left,6,6,printed,,0,0,0,0,
hkcc-gt,Stalls 2,堂座2,L,1,,stalls2-left,7,7,printed,,0,0,0,0,
hkcc-gt,Stalls 2,堂座2,L,1,,stalls2-left,8,8,printed,,0,0,0,0,
hkcc-gt,Stalls 2,堂座2,L,1,,stalls2-left,9,9,printed,,0,0,0,0,
hkcc-gt,Stalls 2,堂座2,L,1,,stalls2-left,10,10,printed,,0,0,0,0,
hkcc-gt,Stalls 2,堂座2,L,1,,stalls2-left,11,11,printed,,0,0,0,0,
hkcc-gt,Stalls 2,堂座2,L,2,,stalls2-centre,12,12,printed,,0,0,0,0,
hkcc-gt,Stalls 2,堂座2,L,2,,stalls2-centre,13,13,printed,,0,0,0,0,
hkcc-gt,Stalls 2,堂座2,L,2,,stalls2-centre,14,14,printed,,0,0,0,0,
hkcc-gt,Stalls 2,堂座2,L,2,,stalls2-centre,15,15,printed,,0,0,0,0,
hkcc-gt,Stalls 2,堂座2,L,2,,stalls2-centre,16,16,printed,,0,0,0,0,
hkcc-gt,Stalls 2,堂座2,L,2,,stalls2-centre,17,17,printed,,0,0,0,0,
hkcc-gt,Stalls 2,堂座2,L,2,,stalls2-centre,18,18,printed,,0,0,0,0,
hkcc-gt,Stalls 2,堂座2,L,2,,stalls2-centre,19,19,printed,,0,0,0,0,
hkcc-gt,Stalls 2,堂座2,L,2,,stalls2-centre,20,20,printed,,0,0,0,0,
hkcc-gt,Stalls 2,堂座2,L,2,,stalls2-centre,21,21,printed,,0,0,0,0,
hkcc-gt,Stalls 2,堂座2,L,2,,stalls2-centre,22,22,printed,,0,0,0,0,
hkcc-gt,Stalls 2,堂座2,L,2,,stalls2-centre,23,23,printed,,0,0,0,0,
hkcc-gt,Stalls 2,堂座2,L,2,,stalls2-centre,24,24,printed,,0,0,0,0,
hkcc-gt,Stalls 2,堂座2,L,2,,stalls2-centre,25,25,printed,,0,0,0,0,
hkcc-gt,Stalls 2,堂座2,L,2,,stalls2-centre,26,26,printed,,0,0,0,0,
hkcc-gt,Stalls 2,堂座2,L,2,,stalls2-centre,27,27,printed,,0,0,0,0,
hkcc-gt,Stalls 2,堂座2,L,2,,stalls2-centre,28,28,printed,,0,0,0,0,
hkcc-gt,Stalls 2,堂座2,L,2,,stalls2-centre,29,29,printed,,0,0,0,0,
hkcc-gt,Stalls 2,堂座2,L,2,,stalls2-centre,30,30,printed,,0,0,0,0,
hkcc-gt,Stalls 2,堂座2,L,2,,stalls2-centre,31,31,printed,,0,0,0,0,
hkcc-gt,Stalls 2,堂座2,L,2,,stalls2-centre,32,32,printed,,0,0,0,0,
hkcc-gt,Stalls 2,堂座2,L,2,,stalls2-centre,33,33,printed,,0,0,0,0,
hkcc-gt,Stalls 2,堂座2,L,3,,stalls2-right,34,34,printed,,0,0,0,0,
hkcc-gt,Stalls 2,堂座2,L,3,,stalls2-right,35,35,printed,,0,0,0,0,
hkcc-gt,Stalls 2,堂座2,L,3,,stalls2-right,36,36,printed,,0,0,0,0,
hkcc-gt,Stalls 2,堂座2,L,3,,stalls2-right,37,37,printed,,0,0,0,0,
hkcc-gt,Stalls 2,堂座2,L,3,,stalls2-right,38,38,printed,,0,0,0,0,
hkcc-gt,Stalls 2,堂座2,L,3,,stalls2-right,39,39,printed,,0,0,0,0,
hkcc-gt,Stalls 2,堂座2,L,3,,stalls2-right,40,40,printed,,0,0,0,0,
hkcc-gt,Stalls 2,堂座2,L,3,,stalls2-right,41,41,printed,,0,0,0,0,
hkcc-gt,Stalls 2,堂座2,L,3,,stalls2-right,42,42,printed,,0,0,0,0,
hkcc-gt,Stalls 2,堂座2,L,3,,stalls2-right,W1,,none,W,1,0,0,0,
hkcc-gt,Stalls 2,堂座2,L,3,,stalls2-right,W2,,none,W,1,0,0,0,
hkcc-gt,Stalls 2,堂座2,M,1,,stalls2-left,W1,1,inferred,W,1,0,0,0,
hkcc-gt,Stalls 2,堂座2,M,1,,stalls2-left,W2,2,inferred,W,1,0,0,0,
hkcc-gt,Stalls 2,堂座2,M,1,,stalls2-left,3,3,printed,,0,0,0,0,
hkcc-gt,Stalls 2,堂座2,M,1,,stalls2-left,4,4,printed,,0,0,0,0,
hkcc-gt,Stalls 2,堂座2,M,1,,stalls2-left,5,5,printed,,0,0,0,0,
hkcc-gt,Stalls 2,堂座2,M,1,,stalls2-left,6,6,printed,,0,0,0,0,
hkcc-gt,Stalls 2,堂座2,M,1,,stalls2-left,7,7,printed,,0,0,0,0,
hkcc-gt,Stalls 2,堂座2,M,1,,stalls2-left,8,8,printed,,0,0,0,0,
hkcc-gt,Stalls 2,堂座2,M,1,,stalls2-left,9,9,printed,,0,0,0,0,
hkcc-gt,Stalls 2,堂座2,M,1,,stalls2-left,10,10,printed,,0,0,0,0,
hkcc-gt,Stalls 2,堂座2,M,1,,stalls2-left,11,11,printed,,0,0,0,0,
hkcc-gt,Stalls 2,堂座2,M,2,,stalls2-centre,12,12,printed,,0,0,0,0,
hkcc-gt,Stalls 2,堂座2,M,2,,stalls2-centre,13,13,printed,,0,0,0,0,
hkcc-gt,Stalls 2,堂座2,M,2,,stalls2-centre,14,14,printed,,0,0,0,0,
hkcc-gt,Stalls 2,堂座2,M,2,,stalls2-centre,15,15,printed,,0,0,0,0,
hkcc-gt,Stalls 2,堂座2,M,2,,stalls2-centre,16,16,printed,,0,0,0,0,
hkcc-gt,Stalls 2,堂座2,M,2,,stalls2-centre,17,17,printed,,0,0,0,0,
hkcc-gt,Stalls 2,堂座2,M,2,,stalls2-centre,18,18,printed,,0,0,0,0,
hkcc-gt,Stalls 2,堂座2,M,2,,stalls2-centre,19,19,printed,,0,0,0,0,
hkcc-gt,Stalls 2,堂座2,M,2,,stalls2-centre,20,20,printed,,0,0,0,0,
hkcc-gt,Stalls 2,堂座2,M,2,,stalls2-centre,21,21,printed,,0,0,0,0,
hkcc-gt,Stalls 2,堂座2,M,2,,stalls2-centre,22,22,printed,,0,0,0,0,
hkcc-gt,Stalls 2,堂座2,M,2,,stalls2-centre,23,23,printed,,0,0,0,0,
hkcc-gt,Stalls 2,堂座2,M,2,,stalls2-centre,24,24,printed,,0,0,0,0,
hkcc-gt,Stalls 2,堂座2,M,2,,stalls2-centre,25,25,printed,,0,0,0,0,
hkcc-gt,Stalls 2,堂座2,M,2,,stalls2-centre,26,26,printed,,0,0,0,0,
hkcc-gt,Stalls 2,堂座2,M,2,,stalls2-centre,27,27,printed,,0,0,0,0,
hkcc-gt,Stalls 2,堂座2,M,2,,stalls2-centre,28,28,printed,,0,0,0,0,
hkcc-gt,Stalls 2,堂座2,M,2,,stalls2-centre,29,29,printed,,0,0,0,0,
hkcc-gt,Stalls 2,堂座2,M,2,,stalls2-centre,30,30,printed,,0,0,0,0,
hkcc-gt,Stalls 2,堂座2,M,2,,stalls2-centre,31,31,printed,,0,0,0,0,
hkcc-gt,Stalls 2,堂座2,M,2,,stalls2-centre,32,32,printed,,0,0,0,0,
hkcc-gt,Stalls 2,堂座2,M,2,,stalls2-centre,33,33,printed,,0,0,0,0,
hkcc-gt,Stalls 2,堂座2,M,3,,stalls2-right,34,34,printed,,0,0,0,0,
hkcc-gt,Stalls 2,堂座2,M,3,,stalls2-right,35,35,printed,,0,0,0,0,
hkcc-gt,Stalls 2,堂座2,M,3,,stalls2-right,36,36,printed,,0,0,0,0,
hkcc-gt,Stalls 2,堂座2,M,3,,stalls2-right,37,37,printed,,0,0,0,0,
hkcc-gt,Stalls 2,堂座2,M,3,,stalls2-right,38,38,printed,,0,0,0,0,
hkcc-gt,Stalls 2,堂座2,M,3,,stalls2-right,39,39,printed,,0,0,0,0,
hkcc-gt,Stalls 2,堂座2,M,3,,stalls2-right,40,40,printed,,0,0,0,0,
hkcc-gt,Stalls 2,堂座2,M,3,,stalls2-right,41,41,printed,,0,0,0,0,
hkcc-gt,Stalls 2,堂座2,M,3,,stalls2-right,42,42,printed,,0,0,0,0,
hkcc-gt,Circle and Upper Circle,樓座及高座,B,1,,wall-left,1,1,printed,,0,0,0,0,
hkcc-gt,Circle and Upper Circle,樓座及高座,B,1,,wall-left,2,2,printed,,0,0,0,0,
hkcc-gt,Circle and Upper Circle,樓座及高座,B,1,,wall-left,3,3,printed,,0,0,0,0,
hkcc-gt,Circle and Upper Circle,樓座及高座,B,1,,wall-left,4,4,printed,,0,0,0,0,
hkcc-gt,Circle and Upper Circle,樓座及高座,B,2,,wall-right,48,48,printed,,0,0,0,0,
hkcc-gt,Circle and Upper Circle,樓座及高座,B,2,,wall-right,49,49,printed,,0,0,0,0,
hkcc-gt,Circle and Upper Circle,樓座及高座,B,2,,wall-right,50,50,printed,,0,0,0,0,
hkcc-gt,Circle and Upper Circle,樓座及高座,B,2,,wall-right,51,51,printed,,0,0,0,0,
hkcc-gt,Circle and Upper Circle,樓座及高座,C,1,,wall-left,1,1,printed,,0,0,0,0,
hkcc-gt,Circle and Upper Circle,樓座及高座,C,1,,wall-left,2,2,printed,,0,0,0,0,
hkcc-gt,Circle and Upper Circle,樓座及高座,C,1,,wall-left,3,3,printed,,0,0,0,0,
hkcc-gt,Circle and Upper Circle,樓座及高座,C,2,,wall-right,48,48,printed,,0,0,0,0,
hkcc-gt,Circle and Upper Circle,樓座及高座,C,2,,wall-right,49,49,printed,,0,0,0,0,
hkcc-gt,Circle and Upper Circle,樓座及高座,C,2,,wall-right,50,50,printed,,0,0,0,0,
hkcc-gt,Circle and Upper Circle,樓座及高座,D,1,,wall-left,1,1,printed,,0,0,0,0,
hkcc-gt,Circle and Upper Circle,樓座及高座,D,1,,wall-left,2,2,printed,,0,0,0,0,
hkcc-gt,Circle and Upper Circle,樓座及高座,D,1,,wall-left,3,3,printed,,0,0,0,0,
hkcc-gt,Circle and Upper Circle,樓座及高座,D,2,,wall-right,48,48,printed,,0,0,0,0,
hkcc-gt,Circle and Upper Circle,樓座及高座,D,2,,wall-right,49,49,printed,,0,0,0,0,
hkcc-gt,Circle and Upper Circle,樓座及高座,D,2,,wall-right,50,50,printed,,0,0,0,0,
hkcc-gt,Circle and Upper Circle,樓座及高座,E,1,,wall-left,1,1,printed,,0,0,0,0,
hkcc-gt,Circle and Upper Circle,樓座及高座,E,1,,wall-left,2,2,printed,,0,0,0,0,
hkcc-gt,Circle and Upper Circle,樓座及高座,E,1,,wall-left,3,3,printed,,0,0,0,0,
hkcc-gt,Circle and Upper Circle,樓座及高座,E,2,,wall-right,48,48,printed,,0,0,0,0,
hkcc-gt,Circle and Upper Circle,樓座及高座,E,2,,wall-right,49,49,printed,,0,0,0,0,
hkcc-gt,Circle and Upper Circle,樓座及高座,E,2,,wall-right,50,50,printed,,0,0,0,0,
hkcc-gt,Circle and Upper Circle,樓座及高座,F,1,,wall-left,W1,1,inferred,W,1,0,0,0,
hkcc-gt,Circle and Upper Circle,樓座及高座,F,1,,wall-left,W2,2,inferred,W,1,0,0,0,
hkcc-gt,Circle and Upper Circle,樓座及高座,F,1,,wall-left,3,3,printed,,0,0,0,0,
hkcc-gt,Circle and Upper Circle,樓座及高座,F,2,,upper-left,4,4,printed,,0,0,0,0,
hkcc-gt,Circle and Upper Circle,樓座及高座,F,2,,upper-left,5,5,printed,,0,0,0,0,
hkcc-gt,Circle and Upper Circle,樓座及高座,F,2,,upper-left,6,6,printed,,0,0,0,0,
hkcc-gt,Circle and Upper Circle,樓座及高座,F,2,,upper-left,7,7,printed,,0,0,0,0,
hkcc-gt,Circle and Upper Circle,樓座及高座,F,2,,upper-left,8,8,printed,,0,0,0,0,
hkcc-gt,Circle and Upper Circle,樓座及高座,F,2,,upper-left,9,9,printed,,0,0,0,0,
hkcc-gt,Circle and Upper Circle,樓座及高座,F,2,,upper-left,10,10,printed,,0,0,0,0,
hkcc-gt,Circle and Upper Circle,樓座及高座,F,3,,upper-centre,12,12,printed,,0,0,0,0,
hkcc-gt,Circle and Upper Circle,樓座及高座,F,3,,upper-centre,13,13,printed,,0,0,0,0,
hkcc-gt,Circle and Upper Circle,樓座及高座,F,3,,upper-centre,14,14,printed,,0,0,0,0,
hkcc-gt,Circle and Upper Circle,樓座及高座,F,3,,upper-centre,15,15,printed,,0,0,0,0,
hkcc-gt,Circle and Upper Circle,樓座及高座,F,3,,upper-centre,16,16,printed,,0,0,0,0,
hkcc-gt,Circle and Upper Circle,樓座及高座,F,3,,upper-centre,17,17,printed,,0,0,0,0,
hkcc-gt,Circle and Upper Circle,樓座及高座,F,3,,upper-centre,18,18,printed,,0,0,0,0,
hkcc-gt,Circle and Upper Circle,樓座及高座,F,3,,upper-centre,19,19,printed,,0,0,0,0,
hkcc-gt,Circle and Upper Circle,樓座及高座,F,3,,upper-centre,20,20,printed,,0,0,0,0,
hkcc-gt,Circle and Upper Circle,樓座及高座,F,3,,upper-centre,21,21,printed,,0,0,0,0,
hkcc-gt,Circle and Upper Circle,樓座及高座,F,3,,upper-centre,22,22,printed,,0,0,0,0,
hkcc-gt,Circle and Upper Circle,樓座及高座,F,3,,upper-centre,23,23,printed,,0,0,0,0,
hkcc-gt,Circle and Upper Circle,樓座及高座,F,3,,upper-centre,24,24,printed,,0,0,0,0,
hkcc-gt,Circle and Upper Circle,樓座及高座,F,3,,upper-centre,25,25,printed,,0,0,0,0,
hkcc-gt,Circle and Upper Circle,樓座及高座,F,3,,upper-centre,26,26,printed,,0,0,0,0,
hkcc-gt,Circle and Upper Circle,樓座及高座,F,3,,upper-centre,27,27,printed,,0,0,0,0,
hkcc-gt,Circle and Upper Circle,樓座及高座,F,3,,upper-centre,28,28,printed,,0,0,0,0,
hkcc-gt,Circle and Upper Circle,樓座及高座,F,3,,upper-centre,29,29,printed,,0,0,0,0,
hkcc-gt,Circle and Upper Circle,樓座及高座,F,3,,upper-centre,30,30,printed,,0,0,0,0,
hkcc-gt,Circle and Upper Circle,樓座及高座,F,3,,upper-centre,31,31,printed,,0,0,0,0,
hkcc-gt,Circle and Upper Circle,樓座及高座,F,3,,upper-centre,32,32,printed,,0,0,0,0,
hkcc-gt,Circle and Upper Circle,樓座及高座,F,3,,upper-centre,33,33,printed,,0,0,0,0,
hkcc-gt,Circle and Upper Circle,樓座及高座,F,3,,upper-centre,34,34,printed,,0,0,0,0,
hkcc-gt,Circle and Upper Circle,樓座及高座,F,3,,upper-centre,35,35,printed,,0,0,0,0,
hkcc-gt,Circle and Upper Circle,樓座及高座,F,4,,upper-right,41,41,printed,,0,0,0,0,
hkcc-gt,Circle and Upper Circle,樓座及高座,F,4,,upper-right,42,42,printed,,0,0,0,0,
hkcc-gt,Circle and Upper Circle,樓座及高座,F,4,,upper-right,43,43,printed,,0,0,0,0,
hkcc-gt,Circle and Upper Circle,樓座及高座,F,4,,upper-right,44,44,printed,,0,0,0,0,
hkcc-gt,Circle and Upper Circle,樓座及高座,F,4,,upper-right,45,45,printed,,0,0,0,0,
hkcc-gt,Circle and Upper Circle,樓座及高座,F,4,,upper-right,46,46,printed,,0,0,0,0,
hkcc-gt,Circle and Upper Circle,樓座及高座,F,4,,upper-right,47,47,printed,,0,0,0,0,
hkcc-gt,Circle and Upper Circle,樓座及高座,F,5,,wall-right,48,48,printed,,0,0,0,0,
hkcc-gt,Circle and Upper Circle,樓座及高座,F,5,,wall-right,W3,,none,W,1,0,0,0,
hkcc-gt,Circle and Upper Circle,樓座及高座,F,5,,wall-right,W4,,none,W,1,0,0,0,
hkcc-gt,Circle and Upper Circle,樓座及高座,G,1,,upper-left,4,4,printed,,0,0,0,0,
hkcc-gt,Circle and Upper Circle,樓座及高座,G,1,,upper-left,5,5,printed,,0,0,0,0,
hkcc-gt,Circle and Upper Circle,樓座及高座,G,1,,upper-left,6,6,printed,,0,0,0,0,
hkcc-gt,Circle and Upper Circle,樓座及高座,G,1,,upper-left,7,7,printed,,0,0,0,0,
hkcc-gt,Circle and Upper Circle,樓座及高座,G,1,,upper-left,8,8,printed,,0,0,0,0,
hkcc-gt,Circle and Upper Circle,樓座及高座,G,1,,upper-left,9,9,printed,,0,0,0,0,
hkcc-gt,Circle and Upper Circle,樓座及高座,G,2,,upper-centre,12,12,printed,,0,0,0,0,
hkcc-gt,Circle and Upper Circle,樓座及高座,G,2,,upper-centre,13,13,printed,,0,0,0,0,
hkcc-gt,Circle and Upper Circle,樓座及高座,G,2,,upper-centre,14,14,printed,,0,0,0,0,
hkcc-gt,Circle and Upper Circle,樓座及高座,G,2,,upper-centre,15,15,printed,,0,0,0,0,
hkcc-gt,Circle and Upper Circle,樓座及高座,G,2,,upper-centre,16,16,printed,,0,0,0,0,
hkcc-gt,Circle and Upper Circle,樓座及高座,G,2,,upper-centre,17,17,printed,,0,0,0,0,
hkcc-gt,Circle and Upper Circle,樓座及高座,G,2,,upper-centre,18,18,printed,,0,0,0,0,
hkcc-gt,Circle and Upper Circle,樓座及高座,G,2,,upper-centre,19,19,printed,,0,0,0,0,
hkcc-gt,Circle and Upper Circle,樓座及高座,G,2,,upper-centre,20,20,printed,,0,0,0,0,
hkcc-gt,Circle and Upper Circle,樓座及高座,G,2,,upper-centre,21,21,printed,,0,0,0,0,
hkcc-gt,Circle and Upper Circle,樓座及高座,G,2,,upper-centre,22,22,printed,,0,0,0,0,
hkcc-gt,Circle and Upper Circle,樓座及高座,G,2,,upper-centre,23,23,printed,,0,0,0,0,
hkcc-gt,Circle and Upper Circle,樓座及高座,G,2,,upper-centre,24,24,printed,,0,0,0,0,
hkcc-gt,Circle and Upper Circle,樓座及高座,G,2,,upper-centre,25,25,printed,,0,0,0,0,
hkcc-gt,Circle and Upper Circle,樓座及高座,G,2,,upper-centre,26,26,printed,,0,0,0,0,
hkcc-gt,Circle and Upper Circle,樓座及高座,G,2,,upper-centre,27,27,printed,,0,0,0,0,
hkcc-gt,Circle and Upper Circle,樓座及高座,G,2,,upper-centre,28,28,printed,,0,0,0,0,
hkcc-gt,Circle and Upper Circle,樓座及高座,G,2,,upper-centre,29,29,printed,,0,0,0,0,
hkcc-gt,Circle and Upper Circle,樓座及高座,G,2,,upper-centre,30,30,printed,,0,0,0,0,
hkcc-gt,Circle and Upper Circle,樓座及高座,G,2,,upper-centre,31,31,printed,,0,0,0,0,
hkcc-gt,Circle and Upper Circle,樓座及高座,G,2,,upper-centre,32,32,printed,,0,0,0,0,
hkcc-gt,Circle and Upper Circle,樓座及高座,G,2,,upper-centre,33,33,printed,,0,0,0,0,
hkcc-gt,Circle and Upper Circle,樓座及高座,G,2,,upper-centre,34,34,printed,,0,0,0,0,
hkcc-gt,Circle and Upper Circle,樓座及高座,G,2,,upper-centre,35,35,printed,,0,0,0,0,
hkcc-gt,Circle and Upper Circle,樓座及高座,G,2,,upper-centre,36,36,printed,,0,0,0,0,
hkcc-gt,Circle and Upper Circle,樓座及高座,G,3,,upper-right,41,41,printed,,0,0,0,0,
hkcc-gt,Circle and Upper Circle,樓座及高座,G,3,,upper-right,42,42,printed,,0,0,0,0,
hkcc-gt,Circle and Upper Circle,樓座及高座,G,3,,upper-right,43,43,printed,,0,0,0,0,
hkcc-gt,Circle and Upper Circle,樓座及高座,G,3,,upper-right,44,44,printed,,0,0,0,0,
hkcc-gt,Circle and Upper Circle,樓座及高座,G,3,,upper-right,45,45,printed,,0,0,0,0,
hkcc-gt,Circle and Upper Circle,樓座及高座,G,3,,upper-right,46,46,printed,,0,0,0,0,
hkcc-gt,Circle and Upper Circle,樓座及高座,H,1,,upper-left,4,4,printed,,0,0,0,0,
hkcc-gt,Circle and Upper Circle,樓座及高座,H,1,,upper-left,5,5,printed,,0,0,0,0,
hkcc-gt,Circle and Upper Circle,樓座及高座,H,1,,upper-left,6,6,printed,,0,0,0,0,
hkcc-gt,Circle and Upper Circle,樓座及高座,H,1,,upper-left,7,7,printed,,0,0,0,0,
hkcc-gt,Circle and Upper Circle,樓座及高座,H,1,,upper-left,8,8,printed,,0,0,0,0,
hkcc-gt,Circle and Upper Circle,樓座及高座,H,1,,upper-left,9,9,printed,,0,0,0,0,
hkcc-gt,Circle and Upper Circle,樓座及高座,H,2,,upper-centre,12,12,printed,,0,0,0,0,
hkcc-gt,Circle and Upper Circle,樓座及高座,H,2,,upper-centre,13,13,printed,,0,0,0,0,
hkcc-gt,Circle and Upper Circle,樓座及高座,H,2,,upper-centre,14,14,printed,,0,0,0,0,
hkcc-gt,Circle and Upper Circle,樓座及高座,H,2,,upper-centre,15,15,printed,,0,0,0,0,
hkcc-gt,Circle and Upper Circle,樓座及高座,H,2,,upper-centre,16,16,printed,,0,0,0,0,
hkcc-gt,Circle and Upper Circle,樓座及高座,H,2,,upper-centre,17,17,printed,,0,0,0,0,
hkcc-gt,Circle and Upper Circle,樓座及高座,H,2,,upper-centre,18,18,printed,,0,0,0,0,
hkcc-gt,Circle and Upper Circle,樓座及高座,H,2,,upper-centre,19,19,printed,,0,0,0,0,
hkcc-gt,Circle and Upper Circle,樓座及高座,H,2,,upper-centre,20,20,printed,,0,0,0,0,
hkcc-gt,Circle and Upper Circle,樓座及高座,H,2,,upper-centre,21,21,printed,,0,0,0,0,
hkcc-gt,Circle and Upper Circle,樓座及高座,H,2,,upper-centre,22,22,printed,,0,0,0,0,
hkcc-gt,Circle and Upper Circle,樓座及高座,H,2,,upper-centre,23,23,printed,,0,0,0,0,
hkcc-gt,Circle and Upper Circle,樓座及高座,H,2,,upper-centre,24,24,printed,,0,0,0,0,
hkcc-gt,Circle and Upper Circle,樓座及高座,H,2,,upper-centre,25,25,printed,,0,0,0,0,
hkcc-gt,Circle and Upper Circle,樓座及高座,H,2,,upper-centre,26,26,printed,,0,0,0,0,
hkcc-gt,Circle and Upper Circle,樓座及高座,H,2,,upper-centre,27,27,printed,,0,0,0,0,
hkcc-gt,Circle and Upper Circle,樓座及高座,H,2,,upper-centre,28,28,printed,,0,0,0,0,
hkcc-gt,Circle and Upper Circle,樓座及高座,H,2,,upper-centre,29,29,printed,,0,0,0,0,
hkcc-gt,Circle and Upper Circle,樓座及高座,H,2,,upper-centre,30,30,printed,,0,0,0,0,
hkcc-gt,Circle and Upper Circle,樓座及高座,H,2,,upper-centre,31,31,printed,,0,0,0,0,
hkcc-gt,Circle and Upper Circle,樓座及高座,H,2,,upper-centre,32,32,printed,,0,0,0,0,
hkcc-gt,Circle and Upper Circle,樓座及高座,H,2,,upper-centre,33,33,printed,,0,0,0,0,
hkcc-gt,Circle and Upper Circle,樓座及高座,H,2,,upper-centre,34,34,printed,,0,0,0,0,
hkcc-gt,Circle and Upper Circle,樓座及高座,H,2,,upper-centre,35,35,printed,,0,0,0,0,
hkcc-gt,Circle and Upper Circle,樓座及高座,H,2,,upper-centre,36,36,printed,,0,0,0,0,
hkcc-gt,Circle and Upper Circle,樓座及高座,H,2,,upper-centre,37,37,printed,,0,0,0,0,
hkcc-gt,Circle and Upper Circle,樓座及高座,H,3,,upper-right,41,41,printed,,0,0,0,0,
hkcc-gt,Circle and Upper Circle,樓座及高座,H,3,,upper-right,42,42,printed,,0,0,0,0,
hkcc-gt,Circle and Upper Circle,樓座及高座,H,3,,upper-right,43,43,printed,,0,0,0,0,
hkcc-gt,Circle and Upper Circle,樓座及高座,H,3,,upper-right,44,44,printed,,0,0,0,0,
hkcc-gt,Circle and Upper Circle,樓座及高座,H,3,,upper-right,45,45,printed,,0,0,0,0,
hkcc-gt,Circle and Upper Circle,樓座及高座,H,3,,upper-right,46,46,printed,,0,0,0,0,
hkcc-gt,Circle and Upper Circle,樓座及高座,I,1,,upper-centre,12,12,printed,,0,0,0,0,
hkcc-gt,Circle and Upper Circle,樓座及高座,I,1,,upper-centre,13,13,printed,,0,0,0,0,
hkcc-gt,Circle and Upper Circle,樓座及高座,I,1,,upper-centre,14,14,printed,,0,0,0,0,
hkcc-gt,Circle and Upper Circle,樓座及高座,I,1,,upper-centre,15,15,printed,,0,0,0,0,
hkcc-gt,Circle and Upper Circle,樓座及高座,I,1,,upper-centre,16,16,printed,,0,0,0,0,
hkcc-gt,Circle and Upper Circle,樓座及高座,I,1,,upper-centre,17,17,printed,,0,0,0,0,
hkcc-gt,Circle and Upper Circle,樓座及高座,I,1,,upper-centre,18,18,printed,,0,0,0,0,
hkcc-gt,Circle and Upper Circle,樓座及高座,I,1,,upper-centre,19,19,printed,,0,0,0,0,
hkcc-gt,Circle and Upper Circle,樓座及高座,I,1,,upper-centre,20,20,printed,,0,0,0,0,
hkcc-gt,Circle and Upper Circle,樓座及高座,I,1,,upper-centre,21,21,printed,,0,0,0,0,
hkcc-gt,Circle and Upper Circle,樓座及高座,I,1,,upper-centre,22,22,printed,,0,0,0,0,
hkcc-gt,Circle and Upper Circle,樓座及高座,I,1,,upper-centre,23,23,printed,,0,0,0,0,
hkcc-gt,Circle and Upper Circle,樓座及高座,I,1,,upper-centre,24,24,printed,,0,0,0,0,
hkcc-gt,Circle and Upper Circle,樓座及高座,I,1,,upper-centre,25,25,printed,,0,0,0,0,
hkcc-gt,Circle and Upper Circle,樓座及高座,I,1,,upper-centre,26,26,printed,,0,0,0,0,
hkcc-gt,Circle and Upper Circle,樓座及高座,I,1,,upper-centre,27,27,printed,,0,0,0,0,
hkcc-gt,Circle and Upper Circle,樓座及高座,I,1,,upper-centre,28,28,printed,,0,0,0,0,
hkcc-gt,Circle and Upper Circle,樓座及高座,I,1,,upper-centre,29,29,printed,,0,0,0,0,
hkcc-gt,Circle and Upper Circle,樓座及高座,I,1,,upper-centre,30,30,printed,,0,0,0,0,
hkcc-gt,Circle and Upper Circle,樓座及高座,I,1,,upper-centre,31,31,printed,,0,0,0,0,
hkcc-gt,Circle and Upper Circle,樓座及高座,I,1,,upper-centre,32,32,printed,,0,0,0,0,
hkcc-gt,Circle and Upper Circle,樓座及高座,I,1,,upper-centre,33,33,printed,,0,0,0,0,
hkcc-gt,Circle and Upper Circle,樓座及高座,I,1,,upper-centre,34,34,printed,,0,0,0,0,
hkcc-gt,Circle and Upper Circle,樓座及高座,J,1,,upper-left,1,1,printed,,0,0,0,0,
hkcc-gt,Circle and Upper Circle,樓座及高座,J,1,,upper-left,2,2,printed,,0,0,0,0,
hkcc-gt,Circle and Upper Circle,樓座及高座,J,1,,upper-left,3,3,printed,,0,0,0,0,
hkcc-gt,Circle and Upper Circle,樓座及高座,J,1,,upper-left,4,4,printed,,0,0,0,0,
hkcc-gt,Circle and Upper Circle,樓座及高座,J,1,,upper-left,5,5,printed,,0,0,0,0,
hkcc-gt,Circle and Upper Circle,樓座及高座,J,1,,upper-left,6,6,printed,,0,0,0,0,
hkcc-gt,Circle and Upper Circle,樓座及高座,J,1,,upper-left,7,7,printed,,0,0,0,0,
hkcc-gt,Circle and Upper Circle,樓座及高座,J,1,,upper-left,8,8,printed,,0,0,0,0,
hkcc-gt,Circle and Upper Circle,樓座及高座,J,1,,upper-left,9,9,printed,,0,0,0,0,
hkcc-gt,Circle and Upper Circle,樓座及高座,J,1,,upper-left,10,10,printed,,0,0,0,0,
hkcc-gt,Circle and Upper Circle,樓座及高座,J,2,,upper-centre,12,12,printed,,0,0,0,0,
hkcc-gt,Circle and Upper Circle,樓座及高座,J,2,,upper-centre,13,13,printed,,0,0,0,0,
hkcc-gt,Circle and Upper Circle,樓座及高座,J,2,,upper-centre,14,14,printed,,0,0,0,0,
hkcc-gt,Circle and Upper Circle,樓座及高座,J,2,,upper-centre,15,15,printed,,0,0,0,0,
hkcc-gt,Circle and Upper Circle,樓座及高座,J,2,,upper-centre,16,16,printed,,0,0,0,0,
hkcc-gt,Circle and Upper Circle,樓座及高座,J,2,,upper-centre,17,17,printed,,0,0,0,0,
hkcc-gt,Circle and Upper Circle,樓座及高座,J,2,,upper-centre,18,18,printed,,0,0,0,0,
hkcc-gt,Circle and Upper Circle,樓座及高座,J,2,,upper-centre,19,19,printed,,0,0,0,0,
hkcc-gt,Circle and Upper Circle,樓座及高座,J,2,,upper-centre,20,20,printed,,0,0,0,0,
hkcc-gt,Circle and Upper Circle,樓座及高座,J,2,,upper-centre,21,21,printed,,0,0,0,0,
hkcc-gt,Circle and Upper Circle,樓座及高座,J,2,,upper-centre,22,22,printed,,0,0,0,0,
hkcc-gt,Circle and Upper Circle,樓座及高座,J,2,,upper-centre,23,23,printed,,0,0,0,0,
hkcc-gt,Circle and Upper Circle,樓座及高座,J,2,,upper-centre,24,24,printed,,0,0,0,0,
hkcc-gt,Circle and Upper Circle,樓座及高座,J,2,,upper-centre,25,25,printed,,0,0,0,0,
hkcc-gt,Circle and Upper Circle,樓座及高座,J,2,,upper-centre,26,26,printed,,0,0,0,0,
hkcc-gt,Circle and Upper Circle,樓座及高座,J,2,,upper-centre,27,27,printed,,0,0,0,0,
hkcc-gt,Circle and Upper Circle,樓座及高座,J,2,,upper-centre,28,28,printed,,0,0,0,0,
hkcc-gt,Circle and Upper Circle,樓座及高座,J,2,,upper-centre,29,29,printed,,0,0,0,0,
hkcc-gt,Circle and Upper Circle,樓座及高座,J,2,,upper-centre,30,30,printed,,0,0,0,0,
hkcc-gt,Circle and Upper Circle,樓座及高座,J,2,,upper-centre,31,31,printed,,0,0,0,0,
hkcc-gt,Circle and Upper Circle,樓座及高座,J,2,,upper-centre,32,32,printed,,0,0,0,0,
hkcc-gt,Circle and Upper Circle,樓座及高座,J,2,,upper-centre,33,33,printed,,0,0,0,0,
hkcc-gt,Circle and Upper Circle,樓座及高座,J,2,,upper-centre,34,34,printed,,0,0,0,0,
hkcc-gt,Circle and Upper Circle,樓座及高座,J,2,,upper-centre,35,35,printed,,0,0,0,0,
hkcc-gt,Circle and Upper Circle,樓座及高座,J,3,,upper-right,41,41,printed,,0,0,0,0,
hkcc-gt,Circle and Upper Circle,樓座及高座,J,3,,upper-right,42,42,printed,,0,0,0,0,
hkcc-gt,Circle and Upper Circle,樓座及高座,J,3,,upper-right,43,43,printed,,0,0,0,0,
hkcc-gt,Circle and Upper Circle,樓座及高座,J,3,,upper-right,44,44,printed,,0,0,0,0,
hkcc-gt,Circle and Upper Circle,樓座及高座,J,3,,upper-right,45,45,printed,,0,0,0,0,
hkcc-gt,Circle and Upper Circle,樓座及高座,J,3,,upper-right,46,46,printed,,0,0,0,0,
hkcc-gt,Circle and Upper Circle,樓座及高座,J,3,,upper-right,47,47,printed,,0,0,0,0,
hkcc-gt,Circle and Upper Circle,樓座及高座,J,3,,upper-right,48,48,printed,,0,0,0,0,
hkcc-gt,Circle and Upper Circle,樓座及高座,J,3,,upper-right,49,49,printed,,0,0,0,0,
hkcc-gt,Circle and Upper Circle,樓座及高座,J,3,,upper-right,50,50,printed,,0,0,0,0,
hkcc-gt,Circle and Upper Circle,樓座及高座,K,1,,upper-left,1,1,printed,,0,0,0,0,
hkcc-gt,Circle and Upper Circle,樓座及高座,K,1,,upper-left,2,2,printed,,0,0,0,0,
hkcc-gt,Circle and Upper Circle,樓座及高座,K,1,,upper-left,3,3,printed,,0,0,0,0,
hkcc-gt,Circle and Upper Circle,樓座及高座,K,1,,upper-left,4,4,printed,,0,0,0,0,
hkcc-gt,Circle and Upper Circle,樓座及高座,K,1,,upper-left,5,5,printed,,0,0,0,0,
hkcc-gt,Circle and Upper Circle,樓座及高座,K,1,,upper-left,6,6,printed,,0,0,0,0,
hkcc-gt,Circle and Upper Circle,樓座及高座,K,1,,upper-left,7,7,printed,,0,0,0,0,
hkcc-gt,Circle and Upper Circle,樓座及高座,K,1,,upper-left,8,8,printed,,0,0,0,0,
hkcc-gt,Circle and Upper Circle,樓座及高座,K,1,,upper-left,9,9,printed,,0,0,0,0,
hkcc-gt,Circle and Upper Circle,樓座及高座,K,1,,upper-left,10,10,printed,,0,0,0,0,
hkcc-gt,Circle and Upper Circle,樓座及高座,K,2,,upper-centre,12,12,printed,,0,0,0,0,
hkcc-gt,Circle and Upper Circle,樓座及高座,K,2,,upper-centre,13,13,printed,,0,0,0,0,
hkcc-gt,Circle and Upper Circle,樓座及高座,K,2,,upper-centre,14,14,printed,,0,0,0,0,
hkcc-gt,Circle and Upper Circle,樓座及高座,K,2,,upper-centre,15,15,printed,,0,0,0,0,
hkcc-gt,Circle and Upper Circle,樓座及高座,K,2,,upper-centre,16,16,printed,,0,0,0,0,
hkcc-gt,Circle and Upper Circle,樓座及高座,K,2,,upper-centre,17,17,printed,,0,0,0,0,
hkcc-gt,Circle and Upper Circle,樓座及高座,K,2,,upper-centre,18,18,printed,,0,0,0,0,
hkcc-gt,Circle and Upper Circle,樓座及高座,K,2,,upper-centre,19,19,printed,,0,0,0,0,
hkcc-gt,Circle and Upper Circle,樓座及高座,K,2,,upper-centre,20,20,printed,,0,0,0,0,
hkcc-gt,Circle and Upper Circle,樓座及高座,K,2,,upper-centre,21,21,printed,,0,0,0,0,
hkcc-gt,Circle and Upper Circle,樓座及高座,K,2,,upper-centre,22,22,printed,,0,0,0,0,
hkcc-gt,Circle and Upper Circle,樓座及高座,K,2,,upper-centre,23,23,printed,,0,0,0,0,
hkcc-gt,Circle and Upper Circle,樓座及高座,K,2,,upper-centre,24,24,printed,,0,0,0,0,
hkcc-gt,Circle and Upper Circle,樓座及高座,K,2,,upper-centre,25,25,printed,,0,0,0,0,
hkcc-gt,Circle and Upper Circle,樓座及高座,K,2,,upper-centre,26,26,printed,,0,0,0,0,
hkcc-gt,Circle and Upper Circle,樓座及高座,K,2,,upper-centre,27,27,printed,,0,0,0,0,
hkcc-gt,Circle and Upper Circle,樓座及高座,K,2,,upper-centre,28,28,printed,,0,0,0,0,
hkcc-gt,Circle and Upper Circle,樓座及高座,K,2,,upper-centre,29,29,printed,,0,0,0,0,
hkcc-gt,Circle and Upper Circle,樓座及高座,K,2,,upper-centre,30,30,printed,,0,0,0,0,
hkcc-gt,Circle and Upper Circle,樓座及高座,K,2,,upper-centre,31,31,printed,,0,0,0,0,
hkcc-gt,Circle and Upper Circle,樓座及高座,K,2,,upper-centre,32,32,printed,,0,0,0,0,
hkcc-gt,Circle and Upper Circle,樓座及高座,K,2,,upper-centre,33,33,printed,,0,0,0,0,
hkcc-gt,Circle and Upper Circle,樓座及高座,K,2,,upper-centre,34,34,printed,,0,0,0,0,
hkcc-gt,Circle and Upper Circle,樓座及高座,K,2,,upper-centre,35,35,printed,,0,0,0,0,
hkcc-gt,Circle and Upper Circle,樓座及高座,K,2,,upper-centre,36,36,printed,,0,0,0,0,
hkcc-gt,Circle and Upper Circle,樓座及高座,K,3,,upper-right,41,41,printed,,0,0,0,0,
hkcc-gt,Circle and Upper Circle,樓座及高座,K,3,,upper-right,42,42,printed,,0,0,0,0,
hkcc-gt,Circle and Upper Circle,樓座及高座,K,3,,upper-right,43,43,printed,,0,0,0,0,
hkcc-gt,Circle and Upper Circle,樓座及高座,K,3,,upper-right,44,44,printed,,0,0,0,0,
hkcc-gt,Circle and Upper Circle,樓座及高座,K,3,,upper-right,45,45,printed,,0,0,0,0,
hkcc-gt,Circle and Upper Circle,樓座及高座,K,3,,upper-right,46,46,printed,,0,0,0,0,
hkcc-gt,Circle and Upper Circle,樓座及高座,K,3,,upper-right,47,47,printed,,0,0,0,0,
hkcc-gt,Circle and Upper Circle,樓座及高座,K,3,,upper-right,48,48,printed,,0,0,0,0,
hkcc-gt,Circle and Upper Circle,樓座及高座,K,3,,upper-right,49,49,printed,,0,0,0,0,
hkcc-gt,Circle and Upper Circle,樓座及高座,K,3,,upper-right,50,50,printed,,0,0,0,0,
hkcc-gt,Circle and Upper Circle,樓座及高座,L,1,,upper-left,X1,1,inferred,X,0,1,0,0,
hkcc-gt,Circle and Upper Circle,樓座及高座,L,1,,upper-left,2,2,printed,,0,0,0,0,
hkcc-gt,Circle and Upper Circle,樓座及高座,L,1,,upper-left,3,3,printed,,0,0,0,0,
hkcc-gt,Circle and Upper Circle,樓座及高座,L,1,,upper-left,4,4,printed,,0,0,0,0,
hkcc-gt,Circle and Upper Circle,樓座及高座,L,1,,upper-left,5,5,printed,,0,0,0,0,
hkcc-gt,Circle and Upper Circle,樓座及高座,L,1,,upper-left,6,6,printed,,0,0,0,0,
hkcc-gt,Circle and Upper Circle,樓座及高座,L,1,,upper-left,7,7,printed,,0,0,0,0,
hkcc-gt,Circle and Upper Circle,樓座及高座,L,1,,upper-left,8,8,printed,,0,0,0,0,
hkcc-gt,Circle and Upper Circle,樓座及高座,L,1,,upper-left,9,9,printed,,0,0,0,0,
hkcc-gt,Circle and Upper Circle,樓座及高座,L,1,,upper-left,10,10,printed,,0,0,0,0,
hkcc-gt,Circle and Upper Circle,樓座及高座,L,1,,upper-left,11,11,printed,,0,0,0,0,
hkcc-gt,Circle and Upper Circle,樓座及高座,L,2,,upper-centre,12,12,printed,,0,0,0,0,
hkcc-gt,Circle and Upper Circle,樓座及高座,L,2,,upper-centre,13,13,printed,,0,0,0,0,
hkcc-gt,Circle and Upper Circle,樓座及高座,L,2,,upper-centre,14,14,printed,,0,0,0,0,
hkcc-gt,Circle and Upper Circle,樓座及高座,L,2,,upper-centre,15,15,printed,,0,0,0,0,
hkcc-gt,Circle and Upper Circle,樓座及高座,L,2,,upper-centre,16,16,printed,,0,0,0,0,
hkcc-gt,Circle and Upper Circle,樓座及高座,L,2,,upper-centre,17,17,printed,,0,0,0,0,
hkcc-gt,Circle and Upper Circle,樓座及高座,L,2,,upper-centre,18,18,printed,,0,0,0,0,
hkcc-gt,Circle and Upper Circle,樓座及高座,L,2,,upper-centre,19,19,printed,,0,0,0,0,
hkcc-gt,Circle and Upper Circle,樓座及高座,L,2,,upper-centre,20,20,printed,,0,0,0,0,
hkcc-gt,Circle and Upper Circle,樓座及高座,L,2,,upper-centre,21,21,printed,,0,0,0,0,
hkcc-gt,Circle and Upper Circle,樓座及高座,L,2,,upper-centre,22,22,printed,,0,0,0,0,
hkcc-gt,Circle and Upper Circle,樓座及高座,L,2,,upper-centre,23,23,printed,,0,0,0,0,
hkcc-gt,Circle and Upper Circle,樓座及高座,L,2,,upper-centre,24,24,printed,,0,0,0,0,
hkcc-gt,Circle and Upper Circle,樓座及高座,L,2,,upper-centre,25,25,printed,,0,0,0,0,
hkcc-gt,Circle and Upper Circle,樓座及高座,L,2,,upper-centre,26,26,printed,,0,0,0,0,
hkcc-gt,Circle and Upper Circle,樓座及高座,L,2,,upper-centre,27,27,printed,,0,0,0,0,
hkcc-gt,Circle and Upper Circle,樓座及高座,L,2,,upper-centre,28,28,printed,,0,0,0,0,
hkcc-gt,Circle and Upper Circle,樓座及高座,L,2,,upper-centre,29,29,printed,,0,0,0,0,
hkcc-gt,Circle and Upper Circle,樓座及高座,L,2,,upper-centre,30,30,printed,,0,0,0,0,
hkcc-gt,Circle and Upper Circle,樓座及高座,L,2,,upper-centre,31,31,printed,,0,0,0,0,
hkcc-gt,Circle and Upper Circle,樓座及高座,L,2,,upper-centre,32,32,printed,,0,0,0,0,
hkcc-gt,Circle and Upper Circle,樓座及高座,L,2,,upper-centre,33,33,printed,,0,0,0,0,
hkcc-gt,Circle and Upper Circle,樓座及高座,L,2,,upper-centre,34,34,printed,,0,0,0,0,
hkcc-gt,Circle and Upper Circle,樓座及高座,L,2,,upper-centre,35,35,printed,,0,0,0,0,
hkcc-gt,Circle and Upper Circle,樓座及高座,L,2,,upper-centre,36,36,printed,,0,0,0,0,
hkcc-gt,Circle and Upper Circle,樓座及高座,L,2,,upper-centre,37,37,printed,,0,0,0,0,
hkcc-gt,Circle and Upper Circle,樓座及高座,L,3,,upper-right,41,41,printed,,0,0,0,0,
hkcc-gt,Circle and Upper Circle,樓座及高座,L,3,,upper-right,42,42,printed,,0,0,0,0,
hkcc-gt,Circle and Upper Circle,樓座及高座,L,3,,upper-right,43,43,printed,,0,0,0,0,
hkcc-gt,Circle and Upper Circle,樓座及高座,L,3,,upper-right,44,44,printed,,0,0,0,0,
hkcc-gt,Circle and Upper Circle,樓座及高座,L,3,,upper-right,45,45,printed,,0,0,0,0,
hkcc-gt,Circle and Upper Circle,樓座及高座,L,3,,upper-right,46,46,printed,,0,0,0,0,
hkcc-gt,Circle and Upper Circle,樓座及高座,L,3,,upper-right,47,47,printed,,0,0,0,0,
hkcc-gt,Circle and Upper Circle,樓座及高座,L,3,,upper-right,48,48,printed,,0,0,0,0,
hkcc-gt,Circle and Upper Circle,樓座及高座,L,3,,upper-right,49,49,printed,,0,0,0,0,
hkcc-gt,Circle and Upper Circle,樓座及高座,L,3,,upper-right,50,50,printed,,0,0,0,0,
hkcc-gt,Circle and Upper Circle,樓座及高座,L,3,,upper-right,X2,,none,X,0,1,0,0,
hkcc-gt,Circle and Upper Circle,樓座及高座,M,1,,upper-left,1,1,printed,,0,0,0,0,
hkcc-gt,Circle and Upper Circle,樓座及高座,M,1,,upper-left,2,2,printed,,0,0,0,0,
hkcc-gt,Circle and Upper Circle,樓座及高座,M,1,,upper-left,3,3,printed,,0,0,0,0,
hkcc-gt,Circle and Upper Circle,樓座及高座,M,1,,upper-left,4,4,printed,,0,0,0,0,
hkcc-gt,Circle and Upper Circle,樓座及高座,M,1,,upper-left,5,5,printed,,0,0,0,0,
hkcc-gt,Circle and Upper Circle,樓座及高座,M,1,,upper-left,6,6,printed,,0,0,0,0,
hkcc-gt,Circle and Upper Circle,樓座及高座,M,1,,upper-left,7,7,printed,,0,0,0,0,
hkcc-gt,Circle and Upper Circle,樓座及高座,M,1,,upper-left,8,8,printed,,0,0,0,0,
hkcc-gt,Circle and Upper Circle,樓座及高座,M,1,,upper-left,9,9,printed,,0,0,0,0,
hkcc-gt,Circle and Upper Circle,樓座及高座,M,1,,upper-left,10,10,printed,,0,0,0,0,
hkcc-gt,Circle and Upper Circle,樓座及高座,M,1,,upper-left,11,11,printed,,0,0,0,0,
hkcc-gt,Circle and Upper Circle,樓座及高座,M,2,,upper-centre,12,12,printed,,0,0,0,0,
hkcc-gt,Circle and Upper Circle,樓座及高座,M,2,,upper-centre,13,13,printed,,0,0,0,0,
hkcc-gt,Circle and Upper Circle,樓座及高座,M,2,,upper-centre,14,14,printed,,0,0,0,0,
hkcc-gt,Circle and Upper Circle,樓座及高座,M,2,,upper-centre,15,15,printed,,0,0,0,0,
hkcc-gt,Circle and Upper Circle,樓座及高座,M,2,,upper-centre,16,16,printed,,0,0,0,0,
hkcc-gt,Circle and Upper Circle,樓座及高座,M,2,,upper-centre,17,17,printed,,0,0,0,0,
hkcc-gt,Circle and Upper Circle,樓座及高座,M,2,,upper-centre,18,18,printed,,0,0,0,0,
hkcc-gt,Circle and Upper Circle,樓座及高座,M,2,,upper-centre,19,19,printed,,0,0,0,0,
hkcc-gt,Circle and Upper Circle,樓座及高座,M,2,,upper-centre,20,20,printed,,0,0,0,0,
hkcc-gt,Circle and Upper Circle,樓座及高座,M,2,,upper-centre,21,21,printed,,0,0,0,0,
hkcc-gt,Circle and Upper Circle,樓座及高座,M,2,,upper-centre,22,22,printed,,0,0,0,0,
hkcc-gt,Circle and Upper Circle,樓座及高座,M,2,,upper-centre,23,23,printed,,0,0,0,0,
hkcc-gt,Circle and Upper Circle,樓座及高座,M,2,,upper-centre,24,24,printed,,0,0,0,0,
hkcc-gt,Circle and Upper Circle,樓座及高座,M,2,,upper-centre,25,25,printed,,0,0,0,0,
hkcc-gt,Circle and Upper Circle,樓座及高座,M,2,,upper-centre,26,26,printed,,0,0,0,0,
hkcc-gt,Circle and Upper Circle,樓座及高座,M,2,,upper-centre,27,27,printed,,0,0,0,0,
hkcc-gt,Circle and Upper Circle,樓座及高座,M,2,,upper-centre,28,28,printed,,0,0,0,0,
hkcc-gt,Circle and Upper Circle,樓座及高座,M,2,,upper-centre,29,29,printed,,0,0,0,0,
hkcc-gt,Circle and Upper Circle,樓座及高座,M,2,,upper-centre,30,30,printed,,0,0,0,0,
hkcc-gt,Circle and Upper Circle,樓座及高座,M,2,,upper-centre,31,31,printed,,0,0,0,0,
hkcc-gt,Circle and Upper Circle,樓座及高座,M,2,,upper-centre,32,32,printed,,0,0,0,0,
hkcc-gt,Circle and Upper Circle,樓座及高座,M,2,,upper-centre,33,33,printed,,0,0,0,0,
hkcc-gt,Circle and Upper Circle,樓座及高座,M,2,,upper-centre,34,34,printed,,0,0,0,0,
hkcc-gt,Circle and Upper Circle,樓座及高座,M,2,,upper-centre,35,35,printed,,0,0,0,0,
hkcc-gt,Circle and Upper Circle,樓座及高座,M,2,,upper-centre,36,36,printed,,0,0,0,0,
hkcc-gt,Circle and Upper Circle,樓座及高座,M,2,,upper-centre,37,37,printed,,0,0,0,0,
hkcc-gt,Circle and Upper Circle,樓座及高座,M,2,,upper-centre,38,38,printed,,0,0,0,0,
hkcc-gt,Circle and Upper Circle,樓座及高座,M,3,,upper-right,41,41,printed,,0,0,0,0,
hkcc-gt,Circle and Upper Circle,樓座及高座,M,3,,upper-right,42,42,printed,,0,0,0,0,
hkcc-gt,Circle and Upper Circle,樓座及高座,M,3,,upper-right,43,43,printed,,0,0,0,0,
hkcc-gt,Circle and Upper Circle,樓座及高座,M,3,,upper-right,44,44,printed,,0,0,0,0,
hkcc-gt,Circle and Upper Circle,樓座及高座,M,3,,upper-right,45,45,printed,,0,0,0,0,
hkcc-gt,Circle and Upper Circle,樓座及高座,M,3,,upper-right,46,46,printed,,0,0,0,0,
hkcc-gt,Circle and Upper Circle,樓座及高座,M,3,,upper-right,47,47,printed,,0,0,0,0,
hkcc-gt,Circle and Upper Circle,樓座及高座,M,3,,upper-right,48,48,printed,,0,0,0,0,
hkcc-gt,Circle and Upper Circle,樓座及高座,M,3,,upper-right,49,49,printed,,0,0,0,0,
hkcc-gt,Circle and Upper Circle,樓座及高座,M,3,,upper-right,50,50,printed,,0,0,0,0,
hkcc-gt,Circle and Upper Circle,樓座及高座,M,3,,upper-right,51,51,printed,,0,0,0,0,
hkcc-gt,Circle and Upper Circle,樓座及高座,N,1,,upper-left,1,1,printed,,0,0,0,0,
hkcc-gt,Circle and Upper Circle,樓座及高座,N,1,,upper-left,2,2,printed,,0,0,0,0,
hkcc-gt,Circle and Upper Circle,樓座及高座,N,1,,upper-left,3,3,printed,,0,0,0,0,
hkcc-gt,Circle and Upper Circle,樓座及高座,N,1,,upper-left,4,4,printed,,0,0,0,0,
hkcc-gt,Circle and Upper Circle,樓座及高座,N,1,,upper-left,5,5,printed,,0,0,0,0,
hkcc-gt,Circle and Upper Circle,樓座及高座,N,1,,upper-left,6,6,printed,,0,0,0,0,
hkcc-gt,Circle and Upper Circle,樓座及高座,N,1,,upper-left,7,7,printed,,0,0,0,0,
hkcc-gt,Circle and Upper Circle,樓座及高座,N,1,,upper-left,8,8,printed,,0,0,0,0,
hkcc-gt,Circle and Upper Circle,樓座及高座,N,1,,upper-left,9,9,printed,,0,0,0,0,
hkcc-gt,Circle and Upper Circle,樓座及高座,N,1,,upper-left,10,10,printed,,0,0,0,0,
hkcc-gt,Circle and Upper Circle,樓座及高座,N,2,,upper-centre,12,12,printed,,0,0,0,0,
hkcc-gt,Circle and Upper Circle,樓座及高座,N,2,,upper-centre,13,13,printed,,0,0,0,0,
hkcc-gt,Circle and Upper Circle,樓座及高座,N,2,,upper-centre,14,14,printed,,0,0,0,0,
hkcc-gt,Circle and Upper Circle,樓座及高座,N,2,,upper-centre,15,15,printed,,0,0,0,0,
hkcc-gt,Circle and Upper Circle,樓座及高座,N,2,,upper-centre,16,16,printed,,0,0,0,0,
hkcc-gt,Circle and Upper Circle,樓座及高座,N,2,,upper-centre,17,17,printed,,0,0,0,0,
hkcc-gt,Circle and Upper Circle,樓座及高座,N,2,,upper-centre,18,18,printed,,0,0,0,0,
hkcc-gt,Circle and Upper Circle,樓座及高座,N,2,,upper-centre,19,19,printed,,0,0,0,0,
hkcc-gt,Circle and Upper Circle,樓座及高座,N,2,,upper-centre,20,20,printed,,0,0,0,0,
hkcc-gt,Circle and Upper Circle,樓座及高座,N,2,,upper-centre,21,21,printed,,0,0,0,0,
hkcc-gt,Circle and Upper Circle,樓座及高座,N,2,,upper-centre,22,22,printed,,0,0,0,0,
hkcc-gt,Circle and Upper Circle,樓座及高座,N,2,,upper-centre,23,23,printed,,0,0,0,0,
hkcc-gt,Circle and Upper Circle,樓座及高座,N,2,,upper-centre,24,24,printed,,0,0,0,0,
hkcc-gt,Circle and Upper Circle,樓座及高座,N,2,,upper-centre,25,25,printed,,0,0,0,0,
hkcc-gt,Circle and Upper Circle,樓座及高座,N,2,,upper-centre,26,26,printed,,0,0,0,0,
hkcc-gt,Circle and Upper Circle,樓座及高座,N,2,,upper-centre,27,27,printed,,0,0,0,0,
hkcc-gt,Circle and Upper Circle,樓座及高座,N,2,,upper-centre,28,28,printed,,0,0,0,0,
hkcc-gt,Circle and Upper Circle,樓座及高座,N,2,,upper-centre,29,29,printed,,0,0,0,0,
hkcc-gt,Circle and Upper Circle,樓座及高座,N,2,,upper-centre,30,30,printed,,0,0,0,0,
hkcc-gt,Circle and Upper Circle,樓座及高座,N,2,,upper-centre,31,31,printed,,0,0,0,0,
hkcc-gt,Circle and Upper Circle,樓座及高座,N,2,,upper-centre,32,32,printed,,0,0,0,0,
hkcc-gt,Circle and Upper Circle,樓座及高座,N,2,,upper-centre,33,33,printed,,0,0,0,0,
hkcc-gt,Circle and Upper Circle,樓座及高座,N,2,,upper-centre,34,34,printed,,0,0,0,0,
hkcc-gt,Circle and Upper Circle,樓座及高座,N,2,,upper-centre,35,35,printed,,0,0,0,0,
hkcc-gt,Circle and Upper Circle,樓座及高座,N,2,,upper-centre,36,36,printed,,0,0,0,0,
hkcc-gt,Circle and Upper Circle,樓座及高座,N,2,,upper-centre,37,37,printed,,0,0,0,0,
hkcc-gt,Circle and Upper Circle,樓座及高座,N,2,,upper-centre,38,38,printed,,0,0,0,0,
hkcc-gt,Circle and Upper Circle,樓座及高座,N,2,,upper-centre,39,39,printed,,0,0,0,0,
hkcc-gt,Circle and Upper Circle,樓座及高座,N,3,,upper-right,41,41,printed,,0,0,0,0,
hkcc-gt,Circle and Upper Circle,樓座及高座,N,3,,upper-right,42,42,printed,,0,0,0,0,
hkcc-gt,Circle and Upper Circle,樓座及高座,N,3,,upper-right,43,43,printed,,0,0,0,0,
hkcc-gt,Circle and Upper Circle,樓座及高座,N,3,,upper-right,44,44,printed,,0,0,0,0,
hkcc-gt,Circle and Upper Circle,樓座及高座,N,3,,upper-right,45,45,printed,,0,0,0,0,
hkcc-gt,Circle and Upper Circle,樓座及高座,N,3,,upper-right,46,46,printed,,0,0,0,0,
hkcc-gt,Circle and Upper Circle,樓座及高座,N,3,,upper-right,47,47,printed,,0,0,0,0,
hkcc-gt,Circle and Upper Circle,樓座及高座,N,3,,upper-right,48,48,printed,,0,0,0,0,
hkcc-gt,Circle and Upper Circle,樓座及高座,N,3,,upper-right,49,49,printed,,0,0,0,0,
hkcc-gt,Circle and Upper Circle,樓座及高座,N,3,,upper-right,50,50,printed,,0,0,0,0,
hkcc-gt,Circle and Upper Circle,樓座及高座,O,1,,upper-left,1,1,printed,,0,0,0,0,
hkcc-gt,Circle and Upper Circle,樓座及高座,O,1,,upper-left,2,2,printed,,0,0,0,0,
hkcc-gt,Circle and Upper Circle,樓座及高座,O,1,,upper-left,3,3,printed,,0,0,0,0,
hkcc-gt,Circle and Upper Circle,樓座及高座,O,1,,upper-left,4,4,printed,,0,0,0,0,
hkcc-gt,Circle and Upper Circle,樓座及高座,O,1,,upper-left,5,5,printed,,0,0,0,0,
hkcc-gt,Circle and Upper Circle,樓座及高座,O,1,,upper-left,6,6,printed,,0,0,0,0,
hkcc-gt,Circle and Upper Circle,樓座及高座,O,1,,upper-left,7,7,printed,,0,0,0,0,
hkcc-gt,Circle and Upper Circle,樓座及高座,O,1,,upper-left,8,8,printed,,0,0,0,0,
hkcc-gt,Circle and Upper Circle,樓座及高座,O,1,,upper-left,9,9,printed,,0,0,0,0,
hkcc-gt,Circle and Upper Circle,樓座及高座,O,1,,upper-left,10,10,printed,,0,0,0,0,
hkcc-gt,Circle and Upper Circle,樓座及高座,O,2,,upper-centre,12,12,printed,,0,0,0,0,
hkcc-gt,Circle and Upper Circle,樓座及高座,O,2,,upper-centre,13,13,printed,,0,0,0,0,
hkcc-gt,Circle and Upper Circle,樓座及高座,O,2,,upper-centre,14,14,printed,,0,0,0,0,
hkcc-gt,Circle and Upper Circle,樓座及高座,O,2,,upper-centre,15,15,printed,,0,0,0,0,
hkcc-gt,Circle and Upper Circle,樓座及高座,O,2,,upper-centre,16,16,printed,,0,0,0,0,
hkcc-gt,Circle and Upper Circle,樓座及高座,O,2,,upper-centre,17,17,printed,,0,0,0,0,
hkcc-gt,Circle and Upper Circle,樓座及高座,O,2,,upper-centre,18,18,printed,,0,0,0,0,
hkcc-gt,Circle and Upper Circle,樓座及高座,O,2,,upper-centre,19,19,printed,,0,0,0,0,
hkcc-gt,Circle and Upper Circle,樓座及高座,O,2,,upper-centre,20,20,printed,,0,0,0,0,
hkcc-gt,Circle and Upper Circle,樓座及高座,O,2,,upper-centre,21,21,printed,,0,0,0,0,
hkcc-gt,Circle and Upper Circle,樓座及高座,O,2,,upper-centre,22,22,printed,,0,0,0,0,
hkcc-gt,Circle and Upper Circle,樓座及高座,O,2,,upper-centre,23,23,printed,,0,0,0,0,
hkcc-gt,Circle and Upper Circle,樓座及高座,O,2,,upper-centre,24,24,printed,,0,0,0,0,
hkcc-gt,Circle and Upper Circle,樓座及高座,O,2,,upper-centre,25,25,printed,,0,0,0,0,
hkcc-gt,Circle and Upper Circle,樓座及高座,O,2,,upper-centre,26,26,printed,,0,0,0,0,
hkcc-gt,Circle and Upper Circle,樓座及高座,O,2,,upper-centre,27,27,printed,,0,0,0,0,
hkcc-gt,Circle and Upper Circle,樓座及高座,O,2,,upper-centre,28,28,printed,,0,0,0,0,
hkcc-gt,Circle and Upper Circle,樓座及高座,O,2,,upper-centre,29,29,printed,,0,0,0,0,
hkcc-gt,Circle and Upper Circle,樓座及高座,O,2,,upper-centre,30,30,printed,,0,0,0,0,
hkcc-gt,Circle and Upper Circle,樓座及高座,O,2,,upper-centre,31,31,printed,,0,0,0,0,
hkcc-gt,Circle and Upper Circle,樓座及高座,O,2,,upper-centre,32,32,printed,,0,0,0,0,
hkcc-gt,Circle and Upper Circle,樓座及高座,O,2,,upper-centre,33,33,printed,,0,0,0,0,
hkcc-gt,Circle and Upper Circle,樓座及高座,O,2,,upper-centre,34,34,printed,,0,0,0,0,
hkcc-gt,Circle and Upper Circle,樓座及高座,O,2,,upper-centre,35,35,printed,,0,0,0,0,
hkcc-gt,Circle and Upper Circle,樓座及高座,O,2,,upper-centre,36,36,printed,,0,0,0,0,
hkcc-gt,Circle and Upper Circle,樓座及高座,O,2,,upper-centre,37,37,printed,,0,0,0,0,
hkcc-gt,Circle and Upper Circle,樓座及高座,O,2,,upper-centre,38,38,printed,,0,0,0,0,
hkcc-gt,Circle and Upper Circle,樓座及高座,O,2,,upper-centre,39,39,printed,,0,0,0,0,
hkcc-gt,Circle and Upper Circle,樓座及高座,O,2,,upper-centre,40,40,printed,,0,0,0,0,
hkcc-gt,Circle and Upper Circle,樓座及高座,O,3,,upper-right,41,41,printed,,0,0,0,0,
hkcc-gt,Circle and Upper Circle,樓座及高座,O,3,,upper-right,42,42,printed,,0,0,0,0,
hkcc-gt,Circle and Upper Circle,樓座及高座,O,3,,upper-right,43,43,printed,,0,0,0,0,
hkcc-gt,Circle and Upper Circle,樓座及高座,O,3,,upper-right,44,44,printed,,0,0,0,0,
hkcc-gt,Circle and Upper Circle,樓座及高座,O,3,,upper-right,45,45,printed,,0,0,0,0,
hkcc-gt,Circle and Upper Circle,樓座及高座,O,3,,upper-right,46,46,printed,,0,0,0,0,
hkcc-gt,Circle and Upper Circle,樓座及高座,O,3,,upper-right,47,47,printed,,0,0,0,0,
hkcc-gt,Circle and Upper Circle,樓座及高座,O,3,,upper-right,48,48,printed,,0,0,0,0,
hkcc-gt,Circle and Upper Circle,樓座及高座,O,3,,upper-right,49,49,printed,,0,0,0,0,
hkcc-gt,Circle and Upper Circle,樓座及高座,P,1,,upper-left,1,1,printed,,0,0,0,0,
hkcc-gt,Circle and Upper Circle,樓座及高座,P,1,,upper-left,2,2,printed,,0,0,0,0,
hkcc-gt,Circle and Upper Circle,樓座及高座,P,1,,upper-left,3,3,printed,,0,0,0,0,
hkcc-gt,Circle and Upper Circle,樓座及高座,P,1,,upper-left,4,4,printed,,0,0,0,0,
hkcc-gt,Circle and Upper Circle,樓座及高座,P,1,,upper-left,5,5,printed,,0,0,0,0,
hkcc-gt,Circle and Upper Circle,樓座及高座,P,1,,upper-left,6,6,printed,,0,0,0,0,
hkcc-gt,Circle and Upper Circle,樓座及高座,P,1,,upper-left,7,7,printed,,0,0,0,0,
hkcc-gt,Circle and Upper Circle,樓座及高座,P,1,,upper-left,8,8,printed,,0,0,0,0,
hkcc-gt,Circle and Upper Circle,樓座及高座,P,1,,upper-left,9,9,printed,,0,0,0,0,
hkcc-gt,Circle and Upper Circle,樓座及高座,P,2,,upper-centre,12,12,printed,,0,0,0,0,
hkcc-gt,Circle and Upper Circle,樓座及高座,P,2,,upper-centre,13,13,printed,,0,0,0,0,
hkcc-gt,Circle and Upper Circle,樓座及高座,P,2,,upper-centre,14,14,printed,,0,0,0,0,
hkcc-gt,Circle and Upper Circle,樓座及高座,P,2,,upper-centre,15,15,printed,,0,0,0,0,
hkcc-gt,Circle and Upper Circle,樓座及高座,P,2,,upper-centre,16,16,printed,,0,0,0,0,
hkcc-gt,Circle and Upper Circle,樓座及高座,P,2,,upper-centre,17,17,printed,,0,0,0,0,
hkcc-gt,Circle and Upper Circle,樓座及高座,P,2,,upper-centre,18,18,printed,,0,0,0,0,
hkcc-gt,Circle and Upper Circle,樓座及高座,P,2,,upper-centre,19,19,printed,,0,0,0,0,
hkcc-gt,Circle and Upper Circle,樓座及高座,P,2,,upper-centre,20,20,printed,,0,0,0,0,
hkcc-gt,Circle and Upper Circle,樓座及高座,P,2,,upper-centre,21,21,printed,,0,0,0,0,
hkcc-gt,Circle and Upper Circle,樓座及高座,P,2,,upper-centre,22,22,printed,,0,0,0,0,
hkcc-gt,Circle and Upper Circle,樓座及高座,P,2,,upper-centre,23,23,printed,,0,0,0,0,
hkcc-gt,Circle and Upper Circle,樓座及高座,P,2,,upper-centre,24,24,printed,,0,0,0,0,
hkcc-gt,Circle and Upper Circle,樓座及高座,P,2,,upper-centre,25,25,printed,,0,0,0,0,
hkcc-gt,Circle and Upper Circle,樓座及高座,P,2,,upper-centre,26,26,printed,,0,0,0,0,
hkcc-gt,Circle and Upper Circle,樓座及高座,P,2,,upper-centre,27,27,printed,,0,0,0,0,
hkcc-gt,Circle and Upper Circle,樓座及高座,P,2,,upper-centre,28,28,printed,,0,0,0,0,
hkcc-gt,Circle and Upper Circle,樓座及高座,P,2,,upper-centre,29,29,printed,,0,0,0,0,
hkcc-gt,Circle and Upper Circle,樓座及高座,P,2,,upper-centre,30,30,printed,,0,0,0,0,
hkcc-gt,Circle and Upper Circle,樓座及高座,P,2,,upper-centre,31,31,printed,,0,0,0,0,
hkcc-gt,Circle and Upper Circle,樓座及高座,P,2,,upper-centre,32,32,printed,,0,0,0,0,
hkcc-gt,Circle and Upper Circle,樓座及高座,P,2,,upper-centre,33,33,printed,,0,0,0,0,
hkcc-gt,Circle and Upper Circle,樓座及高座,P,2,,upper-centre,34,34,printed,,0,0,0,0,
hkcc-gt,Circle and Upper Circle,樓座及高座,P,2,,upper-centre,35,35,printed,,0,0,0,0,
hkcc-gt,Circle and Upper Circle,樓座及高座,P,2,,upper-centre,36,36,printed,,0,0,0,0,
hkcc-gt,Circle and Upper Circle,樓座及高座,P,2,,upper-centre,37,37,printed,,0,0,0,0,
hkcc-gt,Circle and Upper Circle,樓座及高座,P,2,,upper-centre,38,38,printed,,0,0,0,0,
hkcc-gt,Circle and Upper Circle,樓座及高座,P,2,,upper-centre,39,39,printed,,0,0,0,0,
hkcc-gt,Circle and Upper Circle,樓座及高座,P,2,,upper-centre,40,40,printed,,0,0,0,0,
hkcc-gt,Circle and Upper Circle,樓座及高座,P,3,,upper-right,41,41,printed,,0,0,0,0,
hkcc-gt,Circle and Upper Circle,樓座及高座,P,3,,upper-right,42,42,printed,,0,0,0,0,
hkcc-gt,Circle and Upper Circle,樓座及高座,P,3,,upper-right,43,43,printed,,0,0,0,0,
hkcc-gt,Circle and Upper Circle,樓座及高座,P,3,,upper-right,44,44,printed,,0,0,0,0,
hkcc-gt,Circle and Upper Circle,樓座及高座,P,3,,upper-right,45,45,printed,,0,0,0,0,
hkcc-gt,Circle and Upper Circle,樓座及高座,P,3,,upper-right,46,46,printed,,0,0,0,0,
hkcc-gt,Circle and Upper Circle,樓座及高座,P,3,,upper-right,47,47,printed,,0,0,0,0,
hkcc-gt,Circle and Upper Circle,樓座及高座,P,3,,upper-right,48,48,printed,,0,0,0,0,
hkcc-gt,Circle and Upper Circle,樓座及高座,P,3,,upper-right,49,49,printed,,0,0,0,0,
hkcc-gt,V.I.P. Boxes,貴賓廂座,Box 1,1,,box-1,1,1,printed,,0,0,0,0,
hkcc-gt,V.I.P. Boxes,貴賓廂座,Box 1,1,,box-1,2,2,printed,,0,0,0,0,
hkcc-gt,V.I.P. Boxes,貴賓廂座,Box 1,1,,box-1,3,3,printed,,0,0,0,0,
hkcc-gt,V.I.P. Boxes,貴賓廂座,Box 1,1,,box-1,4,4,printed,,0,0,0,0,
hkcc-gt,V.I.P. Boxes,貴賓廂座,Box 2,1,,box-2,1,1,printed,,0,0,0,0,
hkcc-gt,V.I.P. Boxes,貴賓廂座,Box 2,1,,box-2,2,2,printed,,0,0,0,0,
hkcc-gt,V.I.P. Boxes,貴賓廂座,Box 2,1,,box-2,3,3,printed,,0,0,0,0,
hkcc-gt,V.I.P. Boxes,貴賓廂座,Box 2,1,,box-2,4,4,printed,,0,0,0,0,
hkcc-gt,V.I.P. Boxes,貴賓廂座,Box 3 A,1,,wall-right,11,11,printed,,0,0,0,0,
hkcc-gt,V.I.P. Boxes,貴賓廂座,Box 3 A,1,,wall-right,12,12,printed,,0,0,0,0,
hkcc-gt,V.I.P. Boxes,貴賓廂座,Box 3 A,1,,wall-right,13,13,printed,,0,0,0,0,
hkcc-gt,V.I.P. Boxes,貴賓廂座,Box 3 A,1,,wall-right,14,14,printed,,0,0,0,0,
hkcc-gt,V.I.P. Boxes,貴賓廂座,Box 3 A,2,,wall-right,48,48,printed,,0,0,0,0,
hkcc-gt,V.I.P. Boxes,貴賓廂座,Box 3 A,2,,wall-right,49,49,printed,,0,0,0,0,
hkcc-gt,V.I.P. Boxes,貴賓廂座,Box 3 A,2,,wall-right,50,50,printed,,0,0,0,0,
hkcc-gt,V.I.P. Boxes,貴賓廂座,Box 3 A,2,,wall-right,51,51,printed,,0,0,0,0,
hkcc-gt,V.I.P. Boxes,貴賓廂座,Box 3 A,2,,wall-right,52,52,printed,,0,0,0,0,
hkcc-gt,V.I.P. Boxes,貴賓廂座,Box 4 A,1,,wall-left,1,1,printed,,0,0,0,0,
hkcc-gt,V.I.P. Boxes,貴賓廂座,Box 4 A,1,,wall-left,2,2,printed,,0,0,0,0,
hkcc-gt,V.I.P. Boxes,貴賓廂座,Box 4 A,1,,wall-left,3,3,printed,,0,0,0,0,
hkcc-gt,V.I.P. Boxes,貴賓廂座,Box 4 A,1,,wall-left,4,4,printed,,0,0,0,0,
hkcc-gt,V.I.P. Boxes,貴賓廂座,Box 4 A,1,,wall-left,5,5,printed,,0,0,0,0,
hkcc-gt,V.I.P. Boxes,貴賓廂座,Box 4 A,2,,wall-left,11,11,printed,,0,0,0,0,
hkcc-gt,V.I.P. Boxes,貴賓廂座,Box 4 A,2,,wall-left,12,12,printed,,0,0,0,0,
hkcc-gt,V.I.P. Boxes,貴賓廂座,Box 4 A,2,,wall-left,13,13,printed,,0,0,0,0,
hkcc-gt,V.I.P. Boxes,貴賓廂座,Box 4 A,2,,wall-left,14,14,printed,,0,0,0,0,
