venue_id,part_of_house,part_of_house_zh,row,block,block_area,bank,seat,seat_number,number_basis,marks,wheelchair,management,restricted_sightline,limited_legroom,orchestra_pits
hkcc-ch,Stalls 1,堂座1,A,1,,,1,1,printed,,0,0,0,0,
hkcc-ch,Stalls 1,堂座1,A,1,,,2,2,printed,,0,0,0,0,
hkcc-ch,Stalls 1,堂座1,A,1,,,3,3,printed,,0,0,0,0,
hkcc-ch,Stalls 1,堂座1,A,1,,,4,4,printed,,0,0,0,0,
hkcc-ch,Stalls 1,堂座1,A,1,,,5,5,printed,,0,0,0,0,
hkcc-ch,Stalls 1,堂座1,A,1,,,6,6,printed,,0,0,0,0,
hkcc-ch,Stalls 1,堂座1,A,1,,,7,7,printed,,0,0,0,0,
hkcc-ch,Stalls 1,堂座1,A,1,,,8,8,printed,,0,0,0,0,
hkcc-ch,Stalls 1,堂座1,A,1,,,9,9,printed,,0,0,0,0,
hkcc-ch,Stalls 1,堂座1,A,1,,,10,10,printed,,0,0,0,0,
hkcc-ch,Stalls 1,堂座1,A,1,,,11,11,printed,,0,0,0,0,
hkcc-ch,Stalls 1,堂座1,A,1,,,12,12,printed,,0,0,0,0,
hkcc-ch,Stalls 1,堂座1,A,2,,,18,18,printed,,0,0,0,0,
hkcc-ch,Stalls 1,堂座1,A,2,,,19,19,printed,,0,0,0,0,
hkcc-ch,Stalls 1,堂座1,A,2,,,20,20,printed,,0,0,0,0,
hkcc-ch,Stalls 1,堂座1,A,2,,,21,21,printed,,0,0,0,0,
hkcc-ch,Stalls 1,堂座1,A,2,,,22,22,printed,,0,0,0,0,
hkcc-ch,Stalls 1,堂座1,A,2,,,23,23,printed,,0,0,0,0,
hkcc-ch,Stalls 1,堂座1,A,2,,,24,24,printed,,0,0,0,0,
hkcc-ch,Stalls 1,堂座1,A,2,,,25,25,printed,,0,0,0,0,
hkcc-ch,Stalls 1,堂座1,A,2,,,26,26,printed,,0,0,0,0,
hkcc-ch,Stalls 1,堂座1,A,2,,,27,27,printed,,0,0,0,0,
hkcc-ch,Stalls 1,堂座1,A,2,,,28,28,printed,,0,0,0,0,
hkcc-ch,Stalls 1,堂座1,A,2,,,29,29,printed,,0,0,0,0,
hkcc-ch,Stalls 1,堂座1,A,2,,,30,30,printed,,0,0,0,0,
hkcc-ch,Stalls 1,堂座1,A,2,,,31,31,printed,,0,0,0,0,
hkcc-ch,Stalls 1,堂座1,A,2,,,32,32,printed,,0,0,0,0,
hkcc-ch,Stalls 1,堂座1,A,2,,,33,33,printed,,0,0,0,0,
hkcc-ch,Stalls 1,堂座1,A,2,,,34,34,printed,,0,0,0,0,
hkcc-ch,Stalls 1,堂座1,A,2,,,35,35,printed,,0,0,0,0,
hkcc-ch,Stalls 1,堂座1,A,3,,,46,46,printed,,0,0,0,0,
hkcc-ch,Stalls 1,堂座1,A,3,,,47,47,printed,,0,0,0,0,
hkcc-ch,Stalls 1,堂座1,A,3,,,48,48,printed,,0,0,0,0,
hkcc-ch,Stalls 1,堂座1,A,3,,,49,49,printed,,0,0,0,0,
hkcc-ch,Stalls 1,堂座1,A,3,,,50,50,printed,,0,0,0,0,
hkcc-ch,Stalls 1,堂座1,A,3,,,51,51,printed,,0,0,0,0,
hkcc-ch,Stalls 1,堂座1,A,3,,,52,52,printed,,0,0,0,0,
hkcc-ch,Stalls 1,堂座1,A,3,,,53,53,printed,,0,0,0,0,
hkcc-ch,Stalls 1,堂座1,A,3,,,54,54,printed,,0,0,0,0,
hkcc-ch,Stalls 1,堂座1,A,3,,,55,55,printed,,0,0,0,0,
hkcc-ch,Stalls 1,堂座1,A,3,,,56,56,printed,,0,0,0,0,
hkcc-ch,Stalls 1,堂座1,A,3,,,57,57,printed,,0,0,0,0,
hkcc-ch,Stalls 1,堂座1,B,1,,,1,1,printed,,0,0,0,0,
hkcc-ch,Stalls 1,堂座1,B,1,,,2,2,printed,,0,0,0,0,
hkcc-ch,Stalls 1,堂座1,B,1,,,3,3,printed,,0,0,0,0,
hkcc-ch,Stalls 1,堂座1,B,1,,,4,4,printed,,0,0,0,0,
hkcc-ch,Stalls 1,堂座1,B,1,,,5,5,printed,,0,0,0,0,
hkcc-ch,Stalls 1,堂座1,B,1,,,6,6,printed,,0,0,0,0,
hkcc-ch,Stalls 1,堂座1,B,1,,,7,7,printed,,0,0,0,0,
hkcc-ch,Stalls 1,堂座1,B,1,,,8,8,printed,,0,0,0,0,
hkcc-ch,Stalls 1,堂座1,B,1,,,9,9,printed,,0,0,0,0,
hkcc-ch,Stalls 1,堂座1,B,1,,,10,10,printed,,0,0,0,0,
hkcc-ch,Stalls 1,堂座1,B,1,,,11,11,printed,,0,0,0,0,
hkcc-ch,Stalls 1,堂座1,B,1,,,12,12,printed,,0,0,0,0,
hkcc-ch,Stalls 1,堂座1,B,1,,,13,13,printed,,0,0,0,0,
hkcc-ch,Stalls 1,堂座1,B,1,,,14,14,printed,,0,0,0,0,
hkcc-ch,Stalls 1,堂座1,B,1,,,15,15,printed,,0,0,0,0,
hkcc-ch,Stalls 1,堂座1,B,2,,,18,18,printed,,0,0,0,0,
hkcc-ch,Stalls 1,堂座1,B,2,,,19,19,printed,,0,0,0,0,
hkcc-ch,Stalls 1,堂座1,B,2,,,20,20,printed,,0,0,0,0,
hkcc-ch,Stalls 1,堂座1,B,2,,,21,21,printed,,0,0,0,0,
hkcc-ch,Stalls 1,堂座1,B,2,,,22,22,printed,,0,0,0,0,
hkcc-ch,Stalls 1,堂座1,B,2,,,23,23,printed,,0,0,0,0,
hkcc-ch,Stalls 1,堂座1,B,2,,,24,24,printed,,0,0,0,0,
hkcc-ch,Stalls 1,堂座1,B,2,,,25,25,printed,,0,0,0,0,
hkcc-ch,Stalls 1,堂座1,B,2,,,26,26,printed,,0,0,0,0,
hkcc-ch,Stalls 1,堂座1,B,2,,,27,27,printed,,0,0,0,0,
hkcc-ch,Stalls 1,堂座1,B,2,,,28,28,printed,,0,0,0,0,
hkcc-ch,Stalls 1,堂座1,B,2,,,29,29,printed,,0,0,0,0,
hkcc-ch,Stalls 1,堂座1,B,2,,,30,30,printed,,0,0,0,0,
hkcc-ch,Stalls 1,堂座1,B,2,,,31,31,printed,,0,0,0,0,
hkcc-ch,Stalls 1,堂座1,B,2,,,32,32,printed,,0,0,0,0,
hkcc-ch,Stalls 1,堂座1,B,2,,,33,33,printed,,0,0,0,0,
hkcc-ch,Stalls 1,堂座1,B,2,,,34,34,printed,,0,0,0,0,
hkcc-ch,Stalls 1,堂座1,B,2,,,35,35,printed,,0,0,0,0,
hkcc-ch,Stalls 1,堂座1,B,2,,,36,36,printed,,0,0,0,0,
hkcc-ch,Stalls 1,堂座1,B,3,,,46,46,printed,,0,0,0,0,
hkcc-ch,Stalls 1,堂座1,B,3,,,47,47,printed,,0,0,0,0,
hkcc-ch,Stalls 1,堂座1,B,3,,,48,48,printed,,0,0,0,0,
hkcc-ch,Stalls 1,堂座1,B,3,,,49,49,printed,,0,0,0,0,
hkcc-ch,Stalls 1,堂座1,B,3,,,50,50,printed,,0,0,0,0,
hkcc-ch,Stalls 1,堂座1,B,3,,,51,51,printed,,0,0,0,0,
hkcc-ch,Stalls 1,堂座1,B,3,,,52,52,printed,,0,0,0,0,
hkcc-ch,Stalls 1,堂座1,B,3,,,53,53,printed,,0,0,0,0,
hkcc-ch,Stalls 1,堂座1,B,3,,,54,54,printed,,0,0,0,0,
hkcc-ch,Stalls 1,堂座1,B,3,,,55,55,printed,,0,0,0,0,
hkcc-ch,Stalls 1,堂座1,B,3,,,56,56,printed,,0,0,0,0,
hkcc-ch,Stalls 1,堂座1,B,3,,,57,57,printed,,0,0,0,0,
hkcc-ch,Stalls 1,堂座1,B,3,,,58,58,printed,,0,0,0,0,
hkcc-ch,Stalls 1,堂座1,B,3,,,59,59,printed,,0,0,0,0,
hkcc-ch,Stalls 1,堂座1,B,3,,,60,60,printed,,0,0,0,0,
hkcc-ch,Stalls 1,堂座1,C,1,,,1,1,printed,,0,0,0,0,
hkcc-ch,Stalls 1,堂座1,C,1,,,2,2,printed,,0,0,0,0,
hkcc-ch,Stalls 1,堂座1,C,1,,,3,3,printed,,0,0,0,0,
hkcc-ch,Stalls 1,堂座1,C,1,,,4,4,printed,,0,0,0,0,
hkcc-ch,Stalls 1,堂座1,C,1,,,5,5,printed,,0,0,0,0,
hkcc-ch,Stalls 1,堂座1,C,1,,,6,6,printed,,0,0,0,0,
hkcc-ch,Stalls 1,堂座1,C,1,,,7,7,printed,,0,0,0,0,
hkcc-ch,Stalls 1,堂座1,C,1,,,8,8,printed,,0,0,0,0,
hkcc-ch,Stalls 1,堂座1,C,1,,,9,9,printed,,0,0,0,0,
hkcc-ch,Stalls 1,堂座1,C,1,,,10,10,printed,,0,0,0,0,
hkcc-ch,Stalls 1,堂座1,C,1,,,11,11,printed,,0,0,0,0,
hkcc-ch,Stalls 1,堂座1,C,1,,,12,12,printed,,0,0,0,0,
hkcc-ch,Stalls 1,堂座1,C,1,,,13,13,printed,,0,0,0,0,
hkcc-ch,Stalls 1,堂座1,C,1,,,14,14,printed,,0,0,0,0,
hkcc-ch,Stalls 1,堂座1,C,1,,,15,15,printed,,0,0,0,0,
hkcc-ch,Stalls 1,堂座1,C,1,,,16,16,printed,,0,0,0,0,
hkcc-ch,Stalls 1,堂座1,C,1,,,17,17,printed,,0,0,0,0,
hkcc-ch,Stalls 1,堂座1,C,2,,,18,18,printed,,0,0,0,0,
hkcc-ch,Stalls 1,堂座1,C,2,,,19,19,printed,,0,0,0,0,
hkcc-ch,Stalls 1,堂座1,C,2,,,20,20,printed,,0,0,0,0,
hkcc-ch,Stalls 1,堂座1,C,2,,,21,21,printed,,0,0,0,0,
hkcc-ch,Stalls 1,堂座1,C,2,,,22,22,printed,,0,0,0,0,
hkcc-ch,Stalls 1,堂座1,C,2,,,23,23,printed,,0,0,0,0,
hkcc-ch,Stalls 1,堂座1,C,2,,,24,24,printed,,0,0,0,0,
hkcc-ch,Stalls 1,堂座1,C,2,,,25,25,printed,,0,0,0,0,
hkcc-ch,Stalls 1,堂座1,C,2,,,26,26,printed,,0,0,0,0,
hkcc-ch,Stalls 1,堂座1,C,2,,,27,27,printed,,0,0,0,0,
hkcc-ch,Stalls 1,堂座1,C,2,,,28,28,printed,,0,0,0,0,
hkcc-ch,Stalls 1,堂座1,C,2,,,29,29,printed,,0,0,0,0,
hkcc-ch,Stalls 1,堂座1,C,2,,,30,30,printed,,0,0,0,0,
hkcc-ch,Stalls 1,堂座1,C,2,,,31,31,printed,,0,0,0,0,
hkcc-ch,Stalls 1,堂座1,C,2,,,32,32,printed,,0,0,0,0,
hkcc-ch,Stalls 1,堂座1,C,2,,,33,33,printed,,0,0,0,0,
hkcc-ch,Stalls 1,堂座1,C,2,,,34,34,printed,,0,0,0,0,
hkcc-ch,Stalls 1,堂座1,C,2,,,35,35,printed,,0,0,0,0,
hkcc-ch,Stalls 1,堂座1,C,2,,,36,36,printed,,0,0,0,0,
hkcc-ch,Stalls 1,堂座1,C,2,,,37,37,printed,,0,0,0,0,
hkcc-ch,Stalls 1,堂座1,C,3,,,46,46,printed,,0,0,0,0,
hkcc-ch,Stalls 1,堂座1,C,3,,,47,47,printed,,0,0,0,0,
hkcc-ch,Stalls 1,堂座1,C,3,,,48,48,printed,,0,0,0,0,
hkcc-ch,Stalls 1,堂座1,C,3,,,49,49,printed,,0,0,0,0,
hkcc-ch,Stalls 1,堂座1,C,3,,,50,50,printed,,0,0,0,0,
hkcc-ch,Stalls 1,堂座1,C,3,,,51,51,printed,,0,0,0,0,
hkcc-ch,Stalls 1,堂座1,C,3,,,52,52,printed,,0,0,0,0,
hkcc-ch,Stalls 1,堂座1,C,3,,,53,53,printed,,0,0,0,0,
hkcc-ch,Stalls 1,堂座1,C,3,,,54,54,printed,,0,0,0,0,
hkcc-ch,Stalls 1,堂座1,C,3,,,55,55,printed,,0,0,0,0,
hkcc-ch,Stalls 1,堂座1,C,3,,,56,56,printed,,0,0,0,0,
hkcc-ch,Stalls 1,堂座1,C,3,,,57,57,printed,,0,0,0,0,
hkcc-ch,Stalls 1,堂座1,C,3,,,58,58,printed,,0,0,0,0,
hkcc-ch,Stalls 1,堂座1,C,3,,,59,59,printed,,0,0,0,0,
hkcc-ch,Stalls 1,堂座1,C,3,,,60,60,printed,,0,0,0,0,
hkcc-ch,Stalls 1,堂座1,C,3,,,61,61,printed,,0,0,0,0,
hkcc-ch,Stalls 1,堂座1,C,3,,,62,62,printed,,0,0,0,0,
hkcc-ch,Stalls 1,堂座1,D,1,,,1,1,printed,,0,0,0,0,
hkcc-ch,Stalls 1,堂座1,D,1,,,2,2,printed,,0,0,0,0,
hkcc-ch,Stalls 1,堂座1,D,1,,,3,3,printed,,0,0,0,0,
hkcc-ch,Stalls 1,堂座1,D,1,,,4,4,printed,,0,0,0,0,
hkcc-ch,Stalls 1,堂座1,D,1,,,5,5,printed,,0,0,0,0,
hkcc-ch,Stalls 1,堂座1,D,1,,,6,6,printed,,0,0,0,0,
hkcc-ch,Stalls 1,堂座1,D,1,,,7,7,printed,,0,0,0,0,
hkcc-ch,Stalls 1,堂座1,D,1,,,8,8,printed,,0,0,0,0,
hkcc-ch,Stalls 1,堂座1,D,1,,,9,9,printed,,0,0,0,0,
hkcc-ch,Stalls 1,堂座1,D,1,,,10,10,printed,,0,0,0,0,
hkcc-ch,Stalls 1,堂座1,D,1,,,11,11,printed,,0,0,0,0,
hkcc-ch,Stalls 1,堂座1,D,1,,,12,12,printed,,0,0,0,0,
hkcc-ch,Stalls 1,堂座1,D,1,,,13,13,printed,,0,0,0,0,
hkcc-ch,Stalls 1,堂座1,D,1,,,14,14,printed,,0,0,0,0,
hkcc-ch,Stalls 1,堂座1,D,1,,,X1,,none,X,0,1,0,0,
hkcc-ch,Stalls 1,堂座1,D,1,,,X2,,none,X,0,1,0,0,
hkcc-ch,Stalls 1,堂座1,D,2,,,46,46,printed,,0,0,0,0,
hkcc-ch,Stalls 1,堂座1,D,2,,,47,47,printed,,0,0,0,0,
hkcc-ch,Stalls 1,堂座1,D,2,,,48,48,printed,,0,0,0,0,
hkcc-ch,Stalls 1,堂座1,D,2,,,49,49,printed,,0,0,0,0,
hkcc-ch,Stalls 1,堂座1,D,2,,,50,50,printed,,0,0,0,0,
hkcc-ch,Stalls 1,堂座1,D,2,,,51,51,printed,,0,0,0,0,
hkcc-ch,Stalls 1,堂座1,D,2,,,52,52,printed,,0,0,0,0,
hkcc-ch,Stalls 1,堂座1,D,2,,,53,53,printed,,0,0,0,0,
hkcc-ch,Stalls 1,堂座1,D,2,,,54,54,printed,,0,0,0,0,
hkcc-ch,Stalls 1,堂座1,D,2,,,55,55,printed,,0,0,0,0,
hkcc-ch,Stalls 1,堂座1,D,2,,,56,56,printed,,0,0,0,0,
hkcc-ch,Stalls 1,堂座1,D,2,,,57,57,printed,,0,0,0,0,
hkcc-ch,Stalls 1,堂座1,D,2,,,58,58,printed,,0,0,0,0,
hkcc-ch,Stalls 1,堂座1,D,2,,,59,59,printed,,0,0,0,0,
hkcc-ch,Stalls 1,堂座1,D,2,,,60,60,printed,,0,0,0,0,
hkcc-ch,Stalls 1,堂座1,D,2,,,61,61,printed,,0,0,0,0,
hkcc-ch,Stalls 1,堂座1,E,1,,,1,1,printed,,0,0,0,0,
hkcc-ch,Stalls 1,堂座1,E,1,,,2,2,printed,,0,0,0,0,
hkcc-ch,Stalls 1,堂座1,E,1,,,3,3,printed,,0,0,0,0,
hkcc-ch,Stalls 1,堂座1,E,1,,,4,4,printed,,0,0,0,0,
hkcc-ch,Stalls 1,堂座1,E,1,,,5,5,printed,,0,0,0,0,
hkcc-ch,Stalls 1,堂座1,E,1,,,6,6,printed,,0,0,0,0,
hkcc-ch,Stalls 1,堂座1,E,1,,,7,7,printed,,0,0,0,0,
hkcc-ch,Stalls 1,堂座1,E,1,,,8,8,printed,,0,0,0,0,
hkcc-ch,Stalls 1,堂座1,E,1,,,9,9,printed,,0,0,0,0,
hkcc-ch,Stalls 1,堂座1,E,1,,,10,10,printed,,0,0,0,0,
hkcc-ch,Stalls 1,堂座1,E,1,,,11,11,printed,,0,0,0,0,
hkcc-ch,Stalls 1,堂座1,E,1,,,12,12,printed,,0,0,0,0,
hkcc-ch,Stalls 1,堂座1,E,1,,,13,13,printed,,0,0,0,0,
hkcc-ch,Stalls 1,堂座1,E,2,,,18,18,printed,,0,0,0,0,
hkcc-ch,Stalls 1,堂座1,E,2,,,19,19,printed,,0,0,0,0,
hkcc-ch,Stalls 1,堂座1,E,2,,,20,20,printed,,0,0,0,0,
hkcc-ch,Stalls 1,堂座1,E,2,,,21,21,printed,,0,0,0,0,
hkcc-ch,Stalls 1,堂座1,E,2,,,22,22,printed,,0,0,0,0,
hkcc-ch,Stalls 1,堂座1,E,2,,,23,23,printed,,0,0,0,0,
hkcc-ch,Stalls 1,堂座1,E,2,,,24,24,printed,,0,0,0,0,
hkcc-ch,Stalls 1,堂座1,E,2,,,25,25,printed,,0,0,0,0,
hkcc-ch,Stalls 1,堂座1,E,2,,,26,26,printed,,0,0,0,0,
hkcc-ch,Stalls 1,堂座1,E,2,,,27,27,printed,,0,0,0,0,
hkcc-ch,Stalls 1,堂座1,E,2,,,28,28,printed,,0,0,0,0,
hkcc-ch,Stalls 1,堂座1,E,2,,,29,29,printed,,0,0,0,0,
hkcc-ch,Stalls 1,堂座1,E,2,,,30,30,printed,,0,0,0,0,
hkcc-ch,Stalls 1,堂座1,E,2,,,31,31,printed,,0,0,0,0,
hkcc-ch,Stalls 1,堂座1,E,2,,,32,32,printed,,0,0,0,0,
hkcc-ch,Stalls 1,堂座1,E,2,,,33,33,printed,,0,0,0,0,
hkcc-ch,Stalls 1,堂座1,E,2,,,34,34,printed,,0,0,0,0,
hkcc-ch,Stalls 1,堂座1,E,2,,,35,35,printed,,0,0,0,0,
hkcc-ch,Stalls 1,堂座1,E,2,,,36,36,printed,,0,0,0,0,
hkcc-ch,Stalls 1,堂座1,E,2,,,37,37,printed,,0,0,0,0,
hkcc-ch,Stalls 1,堂座1,E,2,,,38,38,printed,,0,0,0,0,
hkcc-ch,Stalls 1,堂座1,E,2,,,39,39,printed,,0,0,0,0,
hkcc-ch,Stalls 1,堂座1,E,3,,,46,46,printed,,0,0,0,0,
hkcc-ch,Stalls 1,堂座1,E,3,,,47,47,printed,,0,0,0,0,
hkcc-ch,Stalls 1,堂座1,E,3,,,48,48,printed,,0,0,0,0,
hkcc-ch,Stalls 1,堂座1,E,3,,,49,49,printed,,0,0,0,0,
hkcc-ch,Stalls 1,堂座1,E,3,,,50,50,printed,,0,0,0,0,
hkcc-ch,Stalls 1,堂座1,E,3,,,51,51,printed,,0,0,0,0,
hkcc-ch,Stalls 1,堂座1,E,3,,,52,52,printed,,0,0,0,0,
hkcc-ch,Stalls 1,堂座1,E,3,,,53,53,printed,,0,0,0,0,
hkcc-ch,Stalls 1,堂座1,E,3,,,54,54,printed,,0,0,0,0,
hkcc-ch,Stalls 1,堂座1,E,3,,,55,55,printed,,0,0,0,0,
hkcc-ch,Stalls 1,堂座1,E,3,,,56,56,printed,,0,0,0,0,
hkcc-ch,Stalls 1,堂座1,E,3,,,57,57,printed,,0,0,0,0,
hkcc-ch,Stalls 1,堂座1,E,3,,,58,58,printed,,0,0,0,0,
hkcc-ch,Stalls 1,堂座1,F,1,,,1,1,printed,,0,0,0,0,
hkcc-ch,Stalls 1,堂座1,F,1,,,2,2,printed,,0,0,0,0,
hkcc-ch,Stalls 1,堂座1,F,1,,,3,3,printed,,0,0,0,0,
hkcc-ch,Stalls 1,堂座1,F,1,,,4,4,printed,,0,0,0,0,
hkcc-ch,Stalls 1,堂座1,F,1,,,5,5,printed,,0,0,0,0,
hkcc-ch,Stalls 1,堂座1,F,1,,,6,6,printed,,0,0,0,0,
hkcc-ch,Stalls 1,堂座1,F,1,,,7,7,printed,,0,0,0,0,
hkcc-ch,Stalls 1,堂座1,F,1,,,8,8,printed,,0,0,0,0,
hkcc-ch,Stalls 1,堂座1,F,2,,,18,18,printed,,0,0,0,0,
hkcc-ch,Stalls 1,堂座1,F,2,,,19,19,printed,,0,0,0,0,
hkcc-ch,Stalls 1,堂座1,F,2,,,20,20,printed,,0,0,0,0,
hkcc-ch,Stalls 1,堂座1,F,2,,,21,21,printed,,0,0,0,0,
hkcc-ch,Stalls 1,堂座1,F,2,,,22,22,printed,,0,0,0,0,
hkcc-ch,Stalls 1,堂座1,F,2,,,23,23,printed,,0,0,0,0,
hkcc-ch,Stalls 1,堂座1,F,2,,,24,24,printed,,0,0,0,0,
hkcc-ch,Stalls 1,堂座1,F,2,,,25,25,printed,,0,0,0,0,
hkcc-ch,Stalls 1,堂座1,F,2,,,26,26,printed,,0,0,0,0,
hkcc-ch,Stalls 1,堂座1,F,2,,,27,27,printed,,0,0,0,0,
hkcc-ch,Stalls 1,堂座1,F,2,,,28,28,printed,,0,0,0,0,
hkcc-ch,Stalls 1,堂座1,F,2,,,29,29,printed,,0,0,0,0,
hkcc-ch,Stalls 1,堂座1,F,2,,,30,30,printed,,0,0,0,0,
hkcc-ch,Stalls 1,堂座1,F,2,,,31,31,printed,,0,0,0,0,
hkcc-ch,Stalls 1,堂座1,F,2,,,32,32,printed,,0,0,0,0,
hkcc-ch,Stalls 1,堂座1,F,2,,,33,33,printed,,0,0,0,0,
hkcc-ch,Stalls 1,堂座1,F,2,,,34,34,printed,,0,0,0,0,
hkcc-ch,Stalls 1,堂座1,F,2,,,35,35,printed,,0,0,0,0,
hkcc-ch,Stalls 1,堂座1,F,2,,,36,36,printed,,0,0,0,0,
hkcc-ch,Stalls 1,堂座1,F,2,,,37,37,printed,,0,0,0,0,
hkcc-ch,Stalls 1,堂座1,F,2,,,38,38,printed,,0,0,0,0,
hkcc-ch,Stalls 1,堂座1,F,2,,,39,39,printed,,0,0,0,0,
hkcc-ch,Stalls 1,堂座1,F,2,,,40,40,printed,,0,0,0,0,
hkcc-ch,Stalls 1,堂座1,F,3,,,46,46,printed,,0,0,0,0,
hkcc-ch,Stalls 1,堂座1,F,3,,,47,47,printed,,0,0,0,0,
hkcc-ch,Stalls 1,堂座1,F,3,,,48,48,printed,,0,0,0,0,
hkcc-ch,Stalls 1,堂座1,F,3,,,49,49,printed,,0,0,0,0,
hkcc-ch,Stalls 1,堂座1,F,3,,,50,50,printed,,0,0,0,0,
hkcc-ch,Stalls 1,堂座1,F,3,,,51,51,printed,,0,0,0,0,
hkcc-ch,Stalls 1,堂座1,F,3,,,52,52,printed,,0,0,0,0,
hkcc-ch,Stalls 1,堂座1,F,3,,,53,53,printed,,0,0,0,0,
hkcc-ch,Stalls 1,堂座1,G,1,,,1,1,printed,,0,0,0,0,
hkcc-ch,Stalls 1,堂座1,G,1,,,2,2,printed,,0,0,0,0,
hkcc-ch,Stalls 1,堂座1,G,1,,,3,3,printed,,0,0,0,0,
hkcc-ch,Stalls 1,堂座1,G,1,,,4,4,printed,,0,0,0,0,
hkcc-ch,Stalls 1,堂座1,G,1,,,5,5,printed,,0,0,0,0,
hkcc-ch,Stalls 1,堂座1,G,1,,,6,6,printed,,0,0,0,0,
hkcc-ch,Stalls 1,堂座1,G,1,,,7,7,printed,,0,0,0,0,
hkcc-ch,Stalls 1,堂座1,G,1,,,8,8,printed,,0,0,0,0,
hkcc-ch,Stalls 1,堂座1,G,1,,,9,9,printed,,0,0,0,0,
hkcc-ch,Stalls 1,堂座1,G,2,,,18,18,printed,,0,0,0,0,
hkcc-ch,Stalls 1,堂座1,G,2,,,19,19,printed,,0,0,0,0,
hkcc-ch,Stalls 1,堂座1,G,2,,,20,20,printed,,0,0,0,0,
hkcc-ch,Stalls 1,堂座1,G,2,,,21,21,printed,,0,0,0,0,
hkcc-ch,Stalls 1,堂座1,G,2,,,22,22,printed,,0,0,0,0,
hkcc-ch,Stalls 1,堂座1,G,2,,,23,23,printed,,0,0,0,0,
hkcc-ch,Stalls 1,堂座1,G,2,,,24,24,printed,,0,0,0,0,
hkcc-ch,Stalls 1,堂座1,G,2,,,25,25,printed,,0,0,0,0,
hkcc-ch,Stalls 1,堂座1,G,2,,,26,26,printed,,0,0,0,0,
hkcc-ch,Stalls 1,堂座1,G,2,,,27,27,printed,,0,0,0,0,
hkcc-ch,Stalls 1,堂座1,G,2,,,28,28,printed,,0,0,0,0,
hkcc-ch,Stalls 1,堂座1,G,2,,,29,29,printed,,0,0,0,0,
hkcc-ch,Stalls 1,堂座1,G,2,,,30,30,printed,,0,0,0,0,
hkcc-ch,Stalls 1,堂座1,G,2,,,31,31,printed,,0,0,0,0,
hkcc-ch,Stalls 1,堂座1,G,2,,,32,32,printed,,0,0,0,0,
hkcc-ch,Stalls 1,堂座1,G,2,,,33,33,printed,,0,0,0,0,
hkcc-ch,Stalls 1,堂座1,G,2,,,34,34,printed,,0,0,0,0,
hkcc-ch,Stalls 1,堂座1,G,2,,,35,35,printed,,0,0,0,0,
hkcc-ch,Stalls 1,堂座1,G,2,,,36,36,printed,,0,0,0,0,
hkcc-ch,Stalls 1,堂座1,G,2,,,37,37,printed,,0,0,0,0,
hkcc-ch,Stalls 1,堂座1,G,2,,,38,38,printed,,0,0,0,0,
hkcc-ch,Stalls 1,堂座1,G,2,,,39,39,printed,,0,0,0,0,
hkcc-ch,Stalls 1,堂座1,G,2,,,40,40,printed,,0,0,0,0,
hkcc-ch,Stalls 1,堂座1,G,2,,,41,41,printed,,0,0,0,0,
hkcc-ch,Stalls 1,堂座1,G,3,,,46,46,printed,,0,0,0,0,
hkcc-ch,Stalls 1,堂座1,G,3,,,47,47,printed,,0,0,0,0,
hkcc-ch,Stalls 1,堂座1,G,3,,,48,48,printed,,0,0,0,0,
hkcc-ch,Stalls 1,堂座1,G,3,,,49,49,printed,,0,0,0,0,
hkcc-ch,Stalls 1,堂座1,G,3,,,50,50,printed,,0,0,0,0,
hkcc-ch,Stalls 1,堂座1,G,3,,,51,51,printed,,0,0,0,0,
hkcc-ch,Stalls 1,堂座1,G,3,,,52,52,printed,,0,0,0,0,
hkcc-ch,Stalls 1,堂座1,G,3,,,53,53,printed,,0,0,0,0,
hkcc-ch,Stalls 1,堂座1,G,3,,,54,54,printed,,0,0,0,0,
hkcc-ch,Stalls 1,堂座1,H,1,,,1,1,printed,,0,0,0,0,
hkcc-ch,Stalls 1,堂座1,H,1,,,2,2,printed,,0,0,0,0,
hkcc-ch,Stalls 1,堂座1,H,1,,,3,3,printed,,0,0,0,0,
hkcc-ch,Stalls 1,堂座1,H,1,,,4,4,printed,,0,0,0,0,
hkcc-ch,Stalls 1,堂座1,H,1,,,5,5,printed,,0,0,0,0,
hkcc-ch,Stalls 1,堂座1,H,1,,,6,6,printed,,0,0,0,0,
hkcc-ch,Stalls 1,堂座1,H,1,,,7,7,printed,,0,0,0,0,
hkcc-ch,Stalls 1,堂座1,H,1,,,8,8,printed,,0,0,0,0,
hkcc-ch,Stalls 1,堂座1,H,2,,,18,18,printed,,0,0,0,0,
hkcc-ch,Stalls 1,堂座1,H,2,,,19,19,printed,,0,0,0,0,
hkcc-ch,Stalls 1,堂座1,H,2,,,20,20,printed,,0,0,0,0,
hkcc-ch,Stalls 1,堂座1,H,2,,,21,21,printed,,0,0,0,0,
hkcc-ch,Stalls 1,堂座1,H,2,,,22,22,printed,,0,0,0,0,
hkcc-ch,Stalls 1,堂座1,H,2,,,23,23,printed,,0,0,0,0,
hkcc-ch,Stalls 1,堂座1,H,2,,,24,24,printed,,0,0,0,0,
hkcc-ch,Stalls 1,堂座1,H,2,,,25,25,printed,,0,0,0,0,
hkcc-ch,Stalls 1,堂座1,H,2,,,26,26,printed,,0,0,0,0,
hkcc-ch,Stalls 1,堂座1,H,2,,,27,27,printed,,0,0,0,0,
hkcc-ch,Stalls 1,堂座1,H,2,,,28,28,printed,,0,0,0,0,
hkcc-ch,Stalls 1,堂座1,H,2,,,29,29,printed,,0,0,0,0,
hkcc-ch,Stalls 1,堂座1,H,2,,,30,30,printed,,0,0,0,0,
hkcc-ch,Stalls 1,堂座1,H,2,,,31,31,printed,,0,0,0,0,
hkcc-ch,Stalls 1,堂座1,H,2,,,32,32,printed,,0,0,0,0,
hkcc-ch,Stalls 1,堂座1,H,2,,,33,33,printed,,0,0,0,0,
hkcc-ch,Stalls 1,堂座1,H,2,,,34,34,printed,,0,0,0,0,
hkcc-ch,Stalls 1,堂座1,H,2,,,35,35,printed,,0,0,0,0,
hkcc-ch,Stalls 1,堂座1,H,2,,,36,36,printed,,0,0,0,0,
hkcc-ch,Stalls 1,堂座1,H,2,,,37,37,printed,,0,0,0,0,
hkcc-ch,Stalls 1,堂座1,H,2,,,38,38,printed,,0,0,0,0,
hkcc-ch,Stalls 1,堂座1,H,2,,,39,39,printed,,0,0,0,0,
hkcc-ch,Stalls 1,堂座1,H,2,,,40,40,printed,,0,0,0,0,
hkcc-ch,Stalls 1,堂座1,H,2,,,41,41,printed,,0,0,0,0,
hkcc-ch,Stalls 1,堂座1,H,2,,,42,42,printed,,0,0,0,0,
hkcc-ch,Stalls 1,堂座1,H,3,,,46,46,printed,,0,0,0,0,
hkcc-ch,Stalls 1,堂座1,H,3,,,47,47,printed,,0,0,0,0,
hkcc-ch,Stalls 1,堂座1,H,3,,,48,48,printed,,0,0,0,0,
hkcc-ch,Stalls 1,堂座1,H,3,,,49,49,printed,,0,0,0,0,
hkcc-ch,Stalls 1,堂座1,H,3,,,50,50,printed,,0,0,0,0,
hkcc-ch,Stalls 1,堂座1,H,3,,,51,51,printed,,0,0,0,0,
hkcc-ch,Stalls 1,堂座1,H,3,,,52,52,printed,,0,0,0,0,
hkcc-ch,Stalls 1,堂座1,H,3,,,53,53,printed,,0,0,0,0,
hkcc-ch,Stalls 1,堂座1,I,1,,,1,1,printed,,0,0,0,0,
hkcc-ch,Stalls 1,堂座1,I,1,,,2,2,printed,,0,0,0,0,
hkcc-ch,Stalls 1,堂座1,I,1,,,3,3,printed,,0,0,0,0,
hkcc-ch,Stalls 1,堂座1,I,1,,,4,4,printed,,0,0,0,0,
hkcc-ch,Stalls 1,堂座1,I,1,,,5,5,printed,,0,0,0,0,
hkcc-ch,Stalls 1,堂座1,I,1,,,6,6,printed,,0,0,0,0,
hkcc-ch,Stalls 1,堂座1,I,2,,,18,18,printed,,0,0,0,0,
hkcc-ch,Stalls 1,堂座1,I,2,,,19,19,printed,,0,0,0,0,
hkcc-ch,Stalls 1,堂座1,I,2,,,20,20,printed,,0,0,0,0,
hkcc-ch,Stalls 1,堂座1,I,2,,,21,21,printed,,0,0,0,0,
hkcc-ch,Stalls 1,堂座1,I,2,,,22,22,printed,,0,0,0,0,
hkcc-ch,Stalls 1,堂座1,I,2,,,23,23,printed,,0,0,0,0,
hkcc-ch,Stalls 1,堂座1,I,2,,,24,24,printed,,0,0,0,0,
hkcc-ch,Stalls 1,堂座1,I,2,,,25,25,printed,,0,0,0,0,
hkcc-ch,Stalls 1,堂座1,I,2,,,26,26,printed,,0,0,0,0,
hkcc-ch,Stalls 1,堂座1,I,2,,,27,27,printed,,0,0,0,0,
hkcc-ch,Stalls 1,堂座1,I,2,,,28,28,printed,,0,0,0,0,
hkcc-ch,Stalls 1,堂座1,I,2,,,29,29,printed,,0,0,0,0,
hkcc-ch,Stalls 1,堂座1,I,2,,,30,30,printed,,0,0,0,0,
hkcc-ch,Stalls 1,堂座1,I,2,,,31,31,printed,,0,0,0,0,
hkcc-ch,Stalls 1,堂座1,I,2,,,32,32,printed,,0,0,0,0,
hkcc-ch,Stalls 1,堂座1,I,2,,,33,33,printed,,0,0,0,0,
hkcc-ch,Stalls 1,堂座1,I,2,,,34,34,printed,,0,0,0,0,
hkcc-ch,Stalls 1,堂座1,I,2,,,35,35,printed,,0,0,0,0,
hkcc-ch,Stalls 1,堂座1,I,2,,,36,36,printed,,0,0,0,0,
hkcc-ch,Stalls 1,堂座1,I,2,,,37,37,printed,,0,0,0,0,
hkcc-ch,Stalls 1,堂座1,I,2,,,38,38,printed,,0,0,0,0,
hkcc-ch,Stalls 1,堂座1,I,2,,,39,39,printed,,0,0,0,0,
hkcc-ch,Stalls 1,堂座1,I,2,,,40,40,printed,,0,0,0,0,
hkcc-ch,Stalls 1,堂座1,I,2,,,41,41,printed,,0,0,0,0,
hkcc-ch,Stalls 1,堂座1,I,2,,,42,42,printed,,0,0,0,0,
hkcc-ch,Stalls 1,堂座1,I,2,,,43,43,printed,,0,0,0,0,
hkcc-ch,Stalls 1,堂座1,I,3,,,46,46,printed,,0,0,0,0,
hkcc-ch,Stalls 1,堂座1,I,3,,,47,47,printed,,0,0,0,0,
hkcc-ch,Stalls 1,堂座1,I,3,,,48,48,printed,,0,0,0,0,
hkcc-ch,Stalls 1,堂座1,I,3,,,49,49,printed,,0,0,0,0,
hkcc-ch,Stalls 1,堂座1,I,3,,,50,50,printed,,0,0,0,0,
hkcc-ch,Stalls 1,堂座1,I,3,,,51,51,printed,,0,0,0,0,
hkcc-ch,Stalls 1,堂座1,J,1,,,1,1,printed,,0,0,0,0,
hkcc-ch,Stalls 1,堂座1,J,1,,,2,2,printed,,0,0,0,0,
hkcc-ch,Stalls 1,堂座1,J,1,,,3,3,printed,,0,0,0,0,
hkcc-ch,Stalls 1,堂座1,J,2,,,18,18,printed,,0,0,0,0,
hkcc-ch,Stalls 1,堂座1,J,2,,,19,19,printed,,0,0,0,0,
hkcc-ch,Stalls 1,堂座1,J,2,,,20,20,printed,,0,0,0,0,
hkcc-ch,Stalls 1,堂座1,J,2,,,21,21,printed,,0,0,0,0,
hkcc-ch,Stalls 1,堂座1,J,2,,,22,22,printed,,0,0,0,0,
hkcc-ch,Stalls 1,堂座1,J,2,,,23,23,printed,,0,0,0,0,
hkcc-ch,Stalls 1,堂座1,J,2,,,24,24,printed,,0,0,0,0,
hkcc-ch,Stalls 1,堂座1,J,2,,,25,25,printed,,0,0,0,0,
hkcc-ch,Stalls 1,堂座1,J,2,,,26,26,printed,,0,0,0,0,
hkcc-ch,Stalls 1,堂座1,J,2,,,27,27,printed,,0,0,0,0,
hkcc-ch,Stalls 1,堂座1,J,2,,,28,28,printed,,0,0,0,0,
hkcc-ch,Stalls 1,堂座1,J,2,,,29,29,printed,,0,0,0,0,
hkcc-ch,Stalls 1,堂座1,J,2,,,30,30,printed,,0,0,0,0,
hkcc-ch,Stalls 1,堂座1,J,2,,,31,31,printed,,0,0,0,0,
hkcc-ch,Stalls 1,堂座1,J,2,,,32,32,printed,,0,0,0,0,
hkcc-ch,Stalls 1,堂座1,J,2,,,33,33,printed,,0,0,0,0,
hkcc-ch,Stalls 1,堂座1,J,2,,,34,34,printed,,0,0,0,0,
hkcc-ch,Stalls 1,堂座1,J,2,,,35,35,printed,,0,0,0,0,
hkcc-ch,Stalls 1,堂座1,J,2,,,36,36,printed,,0,0,0,0,
hkcc-ch,Stalls 1,堂座1,J,2,,,37,37,printed,,0,0,0,0,
hkcc-ch,Stalls 1,堂座1,J,2,,,38,38,printed,,0,0,0,0,
hkcc-ch,Stalls 1,堂座1,J,2,,,39,39,printed,,0,0,0,0,
hkcc-ch,Stalls 1,堂座1,J,2,,,40,40,printed,,0,0,0,0,
hkcc-ch,Stalls 1,堂座1,J,2,,,41,41,printed,,0,0,0,0,
hkcc-ch,Stalls 1,堂座1,J,2,,,42,42,printed,,0,0,0,0,
hkcc-ch,Stalls 1,堂座1,J,2,,,43,43,printed,,0,0,0,0,
hkcc-ch,Stalls 1,堂座1,J,2,,,44,44,printed,,0,0,0,0,
hkcc-ch,Stalls 1,堂座1,J,3,,,46,46,printed,,0,0,0,0,
hkcc-ch,Stalls 1,堂座1,J,3,,,47,47,printed,,0,0,0,0,
hkcc-ch,Stalls 1,堂座1,J,3,,,48,48,printed,,0,0,0,0,
hkcc-ch,Stalls 1,堂座1,K,1,,,18,18,printed,,0,0,0,0,
hkcc-ch,Stalls 1,堂座1,K,1,,,19,19,printed,,0,0,0,0,
hkcc-ch,Stalls 1,堂座1,K,1,,,20,20,printed,,0,0,0,0,
hkcc-ch,Stalls 1,堂座1,K,1,,,21,21,printed,,0,0,0,0,
hkcc-ch,Stalls 1,堂座1,K,1,,,22,22,printed,,0,0,0,0,
hkcc-ch,Stalls 1,堂座1,K,1,,,23,23,printed,,0,0,0,0,
hkcc-ch,Stalls 1,堂座1,K,1,,,24,24,printed,,0,0,0,0,
hkcc-ch,Stalls 1,堂座1,K,1,,,25,25,printed,,0,0,0,0,
hkcc-ch,Stalls 1,堂座1,K,1,,,26,26,printed,,0,0,0,0,
hkcc-ch,Stalls 1,堂座1,K,1,,,27,27,printed,,0,0,0,0,
hkcc-ch,Stalls 1,堂座1,K,1,,,28,28,printed,,0,0,0,0,
hkcc-ch,Stalls 1,堂座1,K,1,,,29,29,printed,,0,0,0,0,
hkcc-ch,Stalls 1,堂座1,K,1,,,30,30,printed,,0,0,0,0,
hkcc-ch,Stalls 1,堂座1,K,1,,,31,31,printed,,0,0,0,0,
hkcc-ch,Stalls 1,堂座1,K,1,,,32,32,printed,,0,0,0,0,
hkcc-ch,Stalls 1,堂座1,K,1,,,33,33,printed,,0,0,0,0,
hkcc-ch,Stalls 1,堂座1,K,1,,,34,34,printed,,0,0,0,0,
hkcc-ch,Stalls 1,堂座1,K,1,,,35,35,printed,,0,0,0,0,
hkcc-ch,Stalls 1,堂座1,K,1,,,36,36,printed,,0,0,0,0,
hkcc-ch,Stalls 1,堂座1,K,1,,,37,37,printed,,0,0,0,0,
hkcc-ch,Stalls 1,堂座1,K,1,,,38,38,printed,,0,0,0,0,
hkcc-ch,Stalls 1,堂座1,K,1,,,39,39,printed,,0,0,0,0,
hkcc-ch,Stalls 1,堂座1,K,1,,,40,40,printed,,0,0,0,0,
hkcc-ch,Stalls 1,堂座1,K,1,,,41,41,printed,,0,0,0,0,
hkcc-ch,Stalls 1,堂座1,K,1,,,42,42,printed,,0,0,0,0,
hkcc-ch,Stalls 1,堂座1,K,1,,,43,43,printed,,0,0,0,0,
hkcc-ch,Stalls 1,堂座1,K,1,,,X1,,none,X,0,1,0,0,
hkcc-ch,Stalls 1,堂座1,K,1,,,X2,,none,X,0,1,0,0,
hkcc-ch,Stalls 1,堂座1,L,1,,,18,18,printed,,0,0,0,0,
hkcc-ch,Stalls 1,堂座1,L,1,,,19,19,printed,,0,0,0,0,
hkcc-ch,Stalls 1,堂座1,L,1,,,20,20,printed,,0,0,0,0,
hkcc-ch,Stalls 1,堂座1,L,1,,,21,21,printed,,0,0,0,0,
hkcc-ch,Stalls 1,堂座1,L,1,,,22,22,printed,,0,0,0,0,
hkcc-ch,Stalls 1,堂座1,L,1,,,23,23,printed,,0,0,0,0,
hkcc-ch,Stalls 1,堂座1,L,1,,,24,24,printed,,0,0,0,0,
hkcc-ch,Stalls 1,堂座1,L,1,,,25,25,printed,,0,0,0,0,
hkcc-ch,Stalls 1,堂座1,L,1,,,26,26,printed,,0,0,0,0,
hkcc-ch,Stalls 1,堂座1,L,1,,,27,27,printed,,0,0,0,0,
hkcc-ch,Stalls 1,堂座1,L,1,,,28,28,printed,,0,0,0,0,
hkcc-ch,Stalls 1,堂座1,L,1,,,29,29,printed,,0,0,0,0,
hkcc-ch,Stalls 1,堂座1,L,1,,,30,30,printed,,0,0,0,0,
hkcc-ch,Stalls 1,堂座1,L,1,,,31,31,printed,,0,0,0,0,
hkcc-ch,Stalls 1,堂座1,L,1,,,32,32,printed,,0,0,0,0,
hkcc-ch,Stalls 1,堂座1,L,1,,,33,33,printed,,0,0,0,0,
hkcc-ch,Stalls 1,堂座1,L,1,,,34,34,printed,,0,0,0,0,
hkcc-ch,Stalls 1,堂座1,L,1,,,35,35,printed,,0,0,0,0,
hkcc-ch,Stalls 1,堂座1,L,1,,,36,36,printed,,0,0,0,0,
hkcc-ch,Stalls 1,堂座1,L,1,,,37,37,printed,,0,0,0,0,
hkcc-ch,Stalls 1,堂座1,L,1,,,38,38,printed,,0,0,0,0,
hkcc-ch,Stalls 1,堂座1,L,1,,,39,39,printed,,0,0,0,0,
hkcc-ch,Stalls 1,堂座1,L,1,,,40,40,printed,,0,0,0,0,
hkcc-ch,Stalls 1,堂座1,M,1,,,18,18,printed,,0,0,0,0,
hkcc-ch,Stalls 1,堂座1,M,1,,,19,19,printed,,0,0,0,0,
hkcc-ch,Stalls 1,堂座1,M,1,,,20,20,printed,,0,0,0,0,
hkcc-ch,Stalls 1,堂座1,M,1,,,21,21,printed,,0,0,0,0,
hkcc-ch,Stalls 1,堂座1,M,1,,,22,22,printed,,0,0,0,0,
hkcc-ch,Stalls 1,堂座1,M,1,,,23,23,printed,,0,0,0,0,
hkcc-ch,Stalls 1,堂座1,M,1,,,24,24,printed,,0,0,0,0,
hkcc-ch,Stalls 1,堂座1,M,1,,,25,25,printed,,0,0,0,0,
hkcc-ch,Stalls 1,堂座1,M,1,,,26,26,printed,,0,0,0,0,
hkcc-ch,Stalls 1,堂座1,M,1,,,27,27,printed,,0,0,0,0,
hkcc-ch,Stalls 1,堂座1,M,1,,,28,28,printed,,0,0,0,0,
hkcc-ch,Stalls 1,堂座1,M,1,,,29,29,printed,,0,0,0,0,
hkcc-ch,Stalls 1,堂座1,M,1,,,30,30,printed,,0,0,0,0,
hkcc-ch,Stalls 1,堂座1,M,1,,,31,31,printed,,0,0,0,0,
hkcc-ch,Stalls 1,堂座1,M,1,,,32,32,printed,,0,0,0,0,
hkcc-ch,Stalls 1,堂座1,M,1,,,33,33,printed,,0,0,0,0,
hkcc-ch,Stalls 2,堂座2,AA,1,,,1,1,printed,,0,0,0,0,
hkcc-ch,Stalls 2,堂座2,AA,1,,,2,2,printed,,0,0,0,0,
hkcc-ch,Stalls 2,堂座2,AA,1,,,3,3,printed,,0,0,0,0,
hkcc-ch,Stalls 2,堂座2,AA,1,,,4,4,printed,,0,0,0,0,
hkcc-ch,Stalls 2,堂座2,AA,1,,,5,5,printed,,0,0,0,0,
hkcc-ch,Stalls 2,堂座2,AA,1,,,6,6,printed,,0,0,0,0,
hkcc-ch,Stalls 2,堂座2,AA,1,,,7,7,printed,,0,0,0,0,
hkcc-ch,Stalls 2,堂座2,AA,1,,,8,8,printed,,0,0,0,0,
hkcc-ch,Stalls 2,堂座2,AA,1,,,9,9,printed,,0,0,0,0,
hkcc-ch,Stalls 2,堂座2,AA,1,,,10,10,printed,,0,0,0,0,
hkcc-ch,Stalls 2,堂座2,AA,1,,,11,11,printed,,0,0,0,0,
hkcc-ch,Stalls 2,堂座2,AA,1,,,12,12,printed,,0,0,0,0,
hkcc-ch,Stalls 2,堂座2,AA,2,,,89,89,printed,,0,0,0,0,
hkcc-ch,Stalls 2,堂座2,AA,2,,,90,90,printed,,0,0,0,0,
hkcc-ch,Stalls 2,堂座2,AA,2,,,91,91,printed,,0,0,0,0,
hkcc-ch,Stalls 2,堂座2,AA,2,,,92,92,printed,,0,0,0,0,
hkcc-ch,Stalls 2,堂座2,AA,2,,,93,93,printed,,0,0,0,0,
hkcc-ch,Stalls 2,堂座2,AA,2,,,94,94,printed,,0,0,0,0,
hkcc-ch,Stalls 2,堂座2,AA,2,,,95,95,printed,,0,0,0,0,
hkcc-ch,Stalls 2,堂座2,AA,2,,,96,96,printed,,0,0,0,0,
hkcc-ch,Stalls 2,堂座2,AA,2,,,97,97,printed,,0,0,0,0,
hkcc-ch,Stalls 2,堂座2,AA,2,,,98,98,printed,,0,0,0,0,
hkcc-ch,Stalls 2,堂座2,AA,2,,,99,99,printed,,0,0,0,0,
hkcc-ch,Stalls 2,堂座2,AA,2,,,100,100,printed,,0,0,0,0,
hkcc-ch,Stalls 2,堂座2,BB,1,,,1,1,printed,,0,0,0,0,
hkcc-ch,Stalls 2,堂座2,BB,1,,,2,2,printed,,0,0,0,0,
hkcc-ch,Stalls 2,堂座2,BB,1,,,3,3,printed,,0,0,0,0,
hkcc-ch,Stalls 2,堂座2,BB,1,,,4,4,printed,,0,0,0,0,
hkcc-ch,Stalls 2,堂座2,BB,1,,,5,5,printed,,0,0,0,0,
hkcc-ch,Stalls 2,堂座2,BB,1,,,6,6,printed,,0,0,0,0,
hkcc-ch,Stalls 2,堂座2,BB,1,,,7,7,printed,,0,0,0,0,
hkcc-ch,Stalls 2,堂座2,BB,1,,,8,8,printed,,0,0,0,0,
hkcc-ch,Stalls 2,堂座2,BB,1,,,9,9,printed,,0,0,0,0,
hkcc-ch,Stalls 2,堂座2,BB,1,,,10,10,printed,,0,0,0,0,
hkcc-ch,Stalls 2,堂座2,BB,1,,,11,11,printed,,0,0,0,0,
hkcc-ch,Stalls 2,堂座2,BB,1,,,12,12,printed,,0,0,0,0,
hkcc-ch,Stalls 2,堂座2,BB,1,,,13,13,printed,,0,0,0,0,
hkcc-ch,Stalls 2,堂座2,BB,2,,,89,89,printed,,0,0,0,0,
hkcc-ch,Stalls 2,堂座2,BB,2,,,90,90,printed,,0,0,0,0,
hkcc-ch,Stalls 2,堂座2,BB,2,,,91,91,printed,,0,0,0,0,
hkcc-ch,Stalls 2,堂座2,BB,2,,,92,92,printed,,0,0,0,0,
hkcc-ch,Stalls 2,堂座2,BB,2,,,93,93,printed,,0,0,0,0,
hkcc-ch,Stalls 2,堂座2,BB,2,,,94,94,printed,,0,0,0,0,
hkcc-ch,Stalls 2,堂座2,BB,2,,,95,95,printed,,0,0,0,0,
hkcc-ch,Stalls 2,堂座2,BB,2,,,96,96,printed,,0,0,0,0,
hkcc-ch,Stalls 2,堂座2,BB,2,,,97,97,printed,,0,0,0,0,
hkcc-ch,Stalls 2,堂座2,BB,2,,,98,98,printed,,0,0,0,0,
hkcc-ch,Stalls 2,堂座2,BB,2,,,99,99,printed,,0,0,0,0,
hkcc-ch,Stalls 2,堂座2,BB,2,,,100,100,printed,,0,0,0,0,
hkcc-ch,Stalls 2,堂座2,BB,2,,,101,101,printed,,0,0,0,0,
hkcc-ch,Stalls 2,堂座2,BB,3,,,X1,,none,X,0,1,0,0,
hkcc-ch,Stalls 2,堂座2,BB,3,,,X2,,none,X,0,1,0,0,
hkcc-ch,Stalls 2,堂座2,CC,1,,,14,14,printed,,0,0,0,0,
hkcc-ch,Stalls 2,堂座2,CC,1,,,15,15,printed,,0,0,0,0,
hkcc-ch,Stalls 2,堂座2,CC,1,,,16,16,printed,,0,0,0,0,
hkcc-ch,Stalls 2,堂座2,CC,1,,,17,17,printed,,0,0,0,0,
hkcc-ch,Stalls 2,堂座2,CC,1,,,18,18,printed,,0,0,0,0,
hkcc-ch,Stalls 2,堂座2,CC,1,,,19,19,printed,,0,0,0,0,
hkcc-ch,Stalls 2,堂座2,CC,1,,,20,20,printed,,0,0,0,0,
hkcc-ch,Stalls 2,堂座2,CC,1,,,21,21,printed,,0,0,0,0,
hkcc-ch,Stalls 2,堂座2,CC,1,,,22,22,printed,,0,0,0,0,
hkcc-ch,Stalls 2,堂座2,CC,1,,,23,23,printed,,0,0,0,0,
hkcc-ch,Stalls 2,堂座2,CC,1,,,24,24,printed,,0,0,0,0,
hkcc-ch,Stalls 2,堂座2,CC,1,,,25,25,printed,,0,0,0,0,
hkcc-ch,Stalls 2,堂座2,CC,1,,,26,26,printed,,0,0,0,0,
hkcc-ch,Stalls 2,堂座2,CC,2,,,27,27,printed,,0,0,0,0,
hkcc-ch,Stalls 2,堂座2,CC,2,,,28,28,printed,,0,0,0,0,
hkcc-ch,Stalls 2,堂座2,CC,2,,,29,29,printed,,0,0,0,0,
hkcc-ch,Stalls 2,堂座2,CC,2,,,30,30,printed,,0,0,0,0,
hkcc-ch,Stalls 2,堂座2,CC,2,,,31,31,printed,,0,0,0,0,
hkcc-ch,Stalls 2,堂座2,CC,2,,,32,32,printed,,0,0,0,0,
hkcc-ch,Stalls 2,堂座2,CC,2,,,33,33,printed,,0,0,0,0,
hkcc-ch,Stalls 2,堂座2,CC,2,,,34,34,printed,,0,0,0,0,
hkcc-ch,Stalls 2,堂座2,CC,2,,,35,35,printed,,0,0,0,0,
hkcc-ch,Stalls 2,堂座2,CC,2,,,36,36,printed,,0,0,0,0,
hkcc-ch,Stalls 2,堂座2,CC,3,,,39,39,printed,,0,0,0,0,
hkcc-ch,Stalls 2,堂座2,CC,3,,,40,40,printed,,0,0,0,0,
hkcc-ch,Stalls 2,堂座2,CC,3,,,41,41,printed,,0,0,0,0,
hkcc-ch,Stalls 2,堂座2,CC,3,,,42,42,printed,,0,0,0,0,
hkcc-ch,Stalls 2,堂座2,CC,3,,,43,43,printed,,0,0,0,0,
hkcc-ch,Stalls 2,堂座2,CC,3,,,44,44,printed,,0,0,0,0,
hkcc-ch,Stalls 2,堂座2,CC,3,,,45,45,printed,,0,0,0,0,
hkcc-ch,Stalls 2,堂座2,CC,3,,,46,46,printed,,0,0,0,0,
hkcc-ch,Stalls 2,堂座2,CC,3,,,47,47,printed,,0,0,0,0,
hkcc-ch,Stalls 2,堂座2,CC,3,,,48,48,printed,,0,0,0,0,
hkcc-ch,Stalls 2,堂座2,CC,3,,,49,49,printed,,0,0,0,0,
hkcc-ch,Stalls 2,堂座2,CC,3,,,50,50,printed,,0,0,0,0,
hkcc-ch,Stalls 2,堂座2,CC,3,,,51,51,printed,,0,0,0,0,
hkcc-ch,Stalls 2,堂座2,CC,3,,,52,52,printed,,0,0,0,0,
hkcc-ch,Stalls 2,堂座2,CC,3,,,53,53,printed,,0,0,0,0,
hkcc-ch,Stalls 2,堂座2,CC,4,,,60,60,printed,,0,0,0,0,
hkcc-ch,Stalls 2,堂座2,CC,4,,,61,61,printed,,0,0,0,0,
hkcc-ch,Stalls 2,堂座2,CC,4,,,62,62,printed,,0,0,0,0,
hkcc-ch,Stalls 2,堂座2,CC,4,,,63,63,printed,,0,0,0,0,
hkcc-ch,Stalls 2,堂座2,CC,4,,,64,64,printed,,0,0,0,0,
hkcc-ch,Stalls 2,堂座2,CC,4,,,65,65,printed,,0,0,0,0,
hkcc-ch,Stalls 2,堂座2,CC,4,,,66,66,printed,,0,0,0,0,
hkcc-ch,Stalls 2,堂座2,CC,4,,,67,67,printed,,0,0,0,0,
hkcc-ch,Stalls 2,堂座2,CC,4,,,68,68,printed,,0,0,0,0,
hkcc-ch,Stalls 2,堂座2,CC,4,,,69,69,printed,,0,0,0,0,
hkcc-ch,Stalls 2,堂座2,CC,5,,,76,76,printed,,0,0,0,0,
hkcc-ch,Stalls 2,堂座2,CC,5,,,77,77,printed,,0,0,0,0,
hkcc-ch,Stalls 2,堂座2,CC,5,,,78,78,printed,,0,0,0,0,
hkcc-ch,Stalls 2,堂座2,CC,5,,,79,79,printed,,0,0,0,0,
hkcc-ch,Stalls 2,堂座2,CC,5,,,80,80,printed,,0,0,0,0,
hkcc-ch,Stalls 2,堂座2,CC,5,,,81,81,printed,,0,0,0,0,
hkcc-ch,Stalls 2,堂座2,CC,5,,,82,82,printed,,0,0,0,0,
hkcc-ch,Stalls 2,堂座2,CC,5,,,83,83,printed,,0,0,0,0,
hkcc-ch,Stalls 2,堂座2,CC,5,,,84,84,printed,,0,0,0,0,
hkcc-ch,Stalls 2,堂座2,CC,5,,,85,85,printed,,0,0,0,0,
hkcc-ch,Stalls 2,堂座2,CC,5,,,86,86,printed,,0,0,0,0,
hkcc-ch,Stalls 2,堂座2,CC,5,,,87,87,printed,,0,0,0,0,
hkcc-ch,Stalls 2,堂座2,CC,5,,,88,88,printed,,0,0,0,0,
hkcc-ch,Stalls 2,堂座2,CC,6,,,89,89,printed,,0,0,0,0,
hkcc-ch,Stalls 2,堂座2,CC,6,,,90,90,printed,,0,0,0,0,
hkcc-ch,Stalls 2,堂座2,DD,1,,,14,14,printed,,0,0,0,0,
hkcc-ch,Stalls 2,堂座2,DD,1,,,15,15,printed,,0,0,0,0,
hkcc-ch,Stalls 2,堂座2,DD,1,,,16,16,printed,,0,0,0,0,
hkcc-ch,Stalls 2,堂座2,DD,1,,,17,17,printed,,0,0,0,0,
hkcc-ch,Stalls 2,堂座2,DD,1,,,18,18,printed,,0,0,0,0,
hkcc-ch,Stalls 2,堂座2,DD,1,,,19,19,printed,,0,0,0,0,
hkcc-ch,Stalls 2,堂座2,DD,1,,,20,20,printed,,0,0,0,0,
hkcc-ch,Stalls 2,堂座2,DD,1,,,21,21,printed,,0,0,0,0,
hkcc-ch,Stalls 2,堂座2,DD,1,,,22,22,printed,,0,0,0,0,
hkcc-ch,Stalls 2,堂座2,DD,1,,,23,23,printed,,0,0,0,0,
hkcc-ch,Stalls 2,堂座2,DD,2,,,27,27,printed,,0,0,0,0,
hkcc-ch,Stalls 2,堂座2,DD,2,,,28,28,printed,,0,0,0,0,
hkcc-ch,Stalls 2,堂座2,DD,2,,,29,29,printed,,0,0,0,0,
hkcc-ch,Stalls 2,堂座2,DD,2,,,30,30,printed,,0,0,0,0,
hkcc-ch,Stalls 2,堂座2,DD,2,,,31,31,printed,,0,0,0,0,
hkcc-ch,Stalls 2,堂座2,DD,2,,,32,32,printed,,0,0,0,0,
hkcc-ch,Stalls 2,堂座2,DD,2,,,33,33,printed,,0,0,0,0,
hkcc-ch,Stalls 2,堂座2,DD,2,,,34,34,printed,,0,0,0,0,
hkcc-ch,Stalls 2,堂座2,DD,2,,,35,35,printed,,0,0,0,0,
hkcc-ch,Stalls 2,堂座2,DD,2,,,36,36,printed,,0,0,0,0,
hkcc-ch,Stalls 2,堂座2,DD,2,,,37,37,printed,,0,0,0,0,
hkcc-ch,Stalls 2,堂座2,DD,3,,,39,39,printed,,0,0,0,0,
hkcc-ch,Stalls 2,堂座2,DD,3,,,40,40,printed,,0,0,0,0,
hkcc-ch,Stalls 2,堂座2,DD,3,,,41,41,printed,,0,0,0,0,
hkcc-ch,Stalls 2,堂座2,DD,3,,,42,42,printed,,0,0,0,0,
hkcc-ch,Stalls 2,堂座2,DD,3,,,43,43,printed,,0,0,0,0,
hkcc-ch,Stalls 2,堂座2,DD,3,,,44,44,printed,,0,0,0,0,
hkcc-ch,Stalls 2,堂座2,DD,3,,,45,45,printed,,0,0,0,0,
hkcc-ch,Stalls 2,堂座2,DD,3,,,46,46,printed,,0,0,0,0,
hkcc-ch,Stalls 2,堂座2,DD,3,,,47,47,printed,,0,0,0,0,
hkcc-ch,Stalls 2,堂座2,DD,3,,,48,48,printed,,0,0,0,0,
hkcc-ch,Stalls 2,堂座2,DD,3,,,49,49,printed,,0,0,0,0,
hkcc-ch,Stalls 2,堂座2,DD,3,,,50,50,printed,,0,0,0,0,
hkcc-ch,Stalls 2,堂座2,DD,3,,,51,51,printed,,0,0,0,0,
hkcc-ch,Stalls 2,堂座2,DD,3,,,52,52,printed,,0,0,0,0,
hkcc-ch,Stalls 2,堂座2,DD,3,,,53,53,printed,,0,0,0,0,
hkcc-ch,Stalls 2,堂座2,DD,3,,,54,54,printed,,0,0,0,0,
hkcc-ch,Stalls 2,堂座2,DD,4,,,60,60,printed,,0,0,0,0,
hkcc-ch,Stalls 2,堂座2,DD,4,,,61,61,printed,,0,0,0,0,
hkcc-ch,Stalls 2,堂座2,DD,4,,,62,62,printed,,0,0,0,0,
hkcc-ch,Stalls 2,堂座2,DD,4,,,63,63,printed,,0,0,0,0,
hkcc-ch,Stalls 2,堂座2,DD,4,,,64,64,printed,,0,0,0,0,
hkcc-ch,Stalls 2,堂座2,DD,4,,,65,65,printed,,0,0,0,0,
hkcc-ch,Stalls 2,堂座2,DD,4,,,66,66,printed,,0,0,0,0,
hkcc-ch,Stalls 2,堂座2,DD,4,,,67,67,printed,,0,0,0,0,
hkcc-ch,Stalls 2,堂座2,DD,4,,,68,68,printed,,0,0,0,0,
hkcc-ch,Stalls 2,堂座2,DD,4,,,69,69,printed,,0,0,0,0,
hkcc-ch,Stalls 2,堂座2,DD,4,,,70,70,printed,,0,0,0,0,
hkcc-ch,Stalls 2,堂座2,DD,5,,,76,76,printed,,0,0,0,0,
hkcc-ch,Stalls 2,堂座2,DD,5,,,77,77,printed,,0,0,0,0,
hkcc-ch,Stalls 2,堂座2,DD,5,,,78,78,printed,,0,0,0,0,
hkcc-ch,Stalls 2,堂座2,DD,5,,,79,79,printed,,0,0,0,0,
hkcc-ch,Stalls 2,堂座2,DD,5,,,80,80,printed,,0,0,0,0,
hkcc-ch,Stalls 2,堂座2,DD,5,,,81,81,printed,,0,0,0,0,
hkcc-ch,Stalls 2,堂座2,DD,5,,,82,82,printed,,0,0,0,0,
hkcc-ch,Stalls 2,堂座2,DD,5,,,83,83,printed,,0,0,0,0,
hkcc-ch,Stalls 2,堂座2,DD,5,,,84,84,printed,,0,0,0,0,
hkcc-ch,Stalls 2,堂座2,DD,5,,,85,85,printed,,0,0,0,0,
hkcc-ch,Stalls 2,堂座2,DD,5,,,86,86,printed,,0,0,0,0,
hkcc-ch,Stalls 2,堂座2,DD,5,,,87,87,printed,,0,0,0,0,
hkcc-ch,Stalls 2,堂座2,DD,5,,,88,88,printed,,0,0,0,0,
hkcc-ch,Stalls 2,堂座2,EE,1,,,14,14,printed,,0,0,0,0,
hkcc-ch,Stalls 2,堂座2,EE,1,,,15,15,printed,,0,0,0,0,
hkcc-ch,Stalls 2,堂座2,EE,1,,,16,16,printed,,0,0,0,0,
hkcc-ch,Stalls 2,堂座2,EE,1,,,17,17,printed,,0,0,0,0,
hkcc-ch,Stalls 2,堂座2,EE,1,,,18,18,printed,,0,0,0,0,
hkcc-ch,Stalls 2,堂座2,EE,1,,,19,19,printed,,0,0,0,0,
hkcc-ch,Stalls 2,堂座2,EE,1,,,20,20,printed,,0,0,0,0,
hkcc-ch,Stalls 2,堂座2,EE,1,,,21,21,printed,,0,0,0,0,
hkcc-ch,Stalls 2,堂座2,EE,1,,,22,22,printed,,0,0,0,0,
hkcc-ch,Stalls 2,堂座2,EE,1,,,23,23,printed,,0,0,0,0,
hkcc-ch,Stalls 2,堂座2,EE,2,,,27,27,printed,,0,0,0,0,
hkcc-ch,Stalls 2,堂座2,EE,2,,,28,28,printed,,0,0,0,0,
hkcc-ch,Stalls 2,堂座2,EE,2,,,29,29,printed,,0,0,0,0,
hkcc-ch,Stalls 2,堂座2,EE,2,,,30,30,printed,,0,0,0,0,
hkcc-ch,Stalls 2,堂座2,EE,2,,,31,31,printed,,0,0,0,0,
hkcc-ch,Stalls 2,堂座2,EE,2,,,32,32,printed,,0,0,0,0,
hkcc-ch,Stalls 2,堂座2,EE,2,,,33,33,printed,,0,0,0,0,
hkcc-ch,Stalls 2,堂座2,EE,2,,,34,34,printed,,0,0,0,0,
hkcc-ch,Stalls 2,堂座2,EE,2,,,35,35,printed,,0,0,0,0,
hkcc-ch,Stalls 2,堂座2,EE,2,,,36,36,printed,,0,0,0,0,
hkcc-ch,Stalls 2,堂座2,EE,2,,,37,37,printed,,0,0,0,0,
hkcc-ch,Stalls 2,堂座2,EE,2,,,38,38,printed,,0,0,0,0,
hkcc-ch,Stalls 2,堂座2,EE,3,,,39,39,printed,,0,0,0,0,
hkcc-ch,Stalls 2,堂座2,EE,3,,,40,40,printed,,0,0,0,0,
hkcc-ch,Stalls 2,堂座2,EE,3,,,41,41,printed,,0,0,0,0,
hkcc-ch,Stalls 2,堂座2,EE,3,,,42,42,printed,,0,0,0,0,
hkcc-ch,Stalls 2,堂座2,EE,3,,,43,43,printed,,0,0,0,0,
hkcc-ch,Stalls 2,堂座2,EE,3,,,44,44,printed,,0,0,0,0,
hkcc-ch,Stalls 2,堂座2,EE,3,,,45,45,printed,,0,0,0,0,
hkcc-ch,Stalls 2,堂座2,EE,3,,,46,46,printed,,0,0,0,0,
hkcc-ch,Stalls 2,堂座2,EE,3,,,47,47,printed,,0,0,0,0,
hkcc-ch,Stalls 2,堂座2,EE,3,,,48,48,printed,,0,0,0,0,
hkcc-ch,Stalls 2,堂座2,EE,3,,,49,49,printed,,0,0,0,0,
hkcc-ch,Stalls 2,堂座2,EE,3,,,50,50,printed,,0,0,0,0,
hkcc-ch,Stalls 2,堂座2,EE,3,,,51,51,printed,,0,0,0,0,
hkcc-ch,Stalls 2,堂座2,EE,3,,,52,52,printed,,0,0,0,0,
hkcc-ch,Stalls 2,堂座2,EE,3,,,53,53,printed,,0,0,0,0,
hkcc-ch,Stalls 2,堂座2,EE,3,,,54,54,printed,,0,0,0,0,
hkcc-ch,Stalls 2,堂座2,EE,3,,,55,55,printed,,0,0,0,0,
hkcc-ch,Stalls 2,堂座2,EE,4,,,60,60,printed,,0,0,0,0,
hkcc-ch,Stalls 2,堂座2,EE,4,,,61,61,printed,,0,0,0,0,
hkcc-ch,Stalls 2,堂座2,EE,4,,,62,62,printed,,0,0,0,0,
hkcc-ch,Stalls 2,堂座2,EE,4,,,63,63,printed,,0,0,0,0,
hkcc-ch,Stalls 2,堂座2,EE,4,,,64,64,printed,,0,0,0,0,
hkcc-ch,Stalls 2,堂座2,EE,4,,,65,65,printed,,0,0,0,0,
hkcc-ch,Stalls 2,堂座2,EE,4,,,66,66,printed,,0,0,0,0,
hkcc-ch,Stalls 2,堂座2,EE,4,,,67,67,printed,,0,0,0,0,
hkcc-ch,Stalls 2,堂座2,EE,4,,,68,68,printed,,0,0,0,0,
hkcc-ch,Stalls 2,堂座2,EE,4,,,69,69,printed,,0,0,0,0,
hkcc-ch,Stalls 2,堂座2,EE,4,,,70,70,printed,,0,0,0,0,
hkcc-ch,Stalls 2,堂座2,EE,4,,,71,71,printed,,0,0,0,0,
hkcc-ch,Stalls 2,堂座2,EE,5,,,76,76,printed,,0,0,0,0,
hkcc-ch,Stalls 2,堂座2,EE,5,,,77,77,printed,,0,0,0,0,
hkcc-ch,Stalls 2,堂座2,EE,5,,,78,78,printed,,0,0,0,0,
hkcc-ch,Stalls 2,堂座2,EE,5,,,79,79,printed,,0,0,0,0,
hkcc-ch,Stalls 2,堂座2,EE,5,,,80,80,printed,,0,0,0,0,
hkcc-ch,Stalls 2,堂座2,EE,5,,,81,81,printed,,0,0,0,0,
hkcc-ch,Stalls 2,堂座2,EE,5,,,82,82,printed,,0,0,0,0,
hkcc-ch,Stalls 2,堂座2,EE,5,,,83,83,printed,,0,0,0,0,
hkcc-ch,Stalls 2,堂座2,EE,5,,,84,84,printed,,0,0,0,0,
hkcc-ch,Stalls 2,堂座2,EE,5,,,85,85,printed,,0,0,0,0,
hkcc-ch,Stalls 2,堂座2,EE,5,,,86,86,printed,,0,0,0,0,
hkcc-ch,Stalls 2,堂座2,FF,1,,,14,14,printed,,0,0,0,0,
hkcc-ch,Stalls 2,堂座2,FF,1,,,15,15,printed,,0,0,0,0,
hkcc-ch,Stalls 2,堂座2,FF,1,,,16,16,printed,,0,0,0,0,
hkcc-ch,Stalls 2,堂座2,FF,1,,,17,17,printed,,0,0,0,0,
hkcc-ch,Stalls 2,堂座2,FF,1,,,18,18,printed,,0,0,0,0,
hkcc-ch,Stalls 2,堂座2,FF,1,,,19,19,printed,,0,0,0,0,
hkcc-ch,Stalls 2,堂座2,FF,1,,,20,20,printed,,0,0,0,0,
hkcc-ch,Stalls 2,堂座2,FF,1,,,21,21,printed,,0,0,0,0,
hkcc-ch,Stalls 2,堂座2,FF,1,,,22,22,printed,,0,0,0,0,
hkcc-ch,Stalls 2,堂座2,FF,1,,,23,23,printed,,0,0,0,0,
hkcc-ch,Stalls 2,堂座2,FF,1,,,24,24,printed,,0,0,0,0,
hkcc-ch,Stalls 2,堂座2,FF,1,,,25,25,printed,,0,0,0,0,
hkcc-ch,Stalls 2,堂座2,FF,2,,,27,27,printed,,0,0,0,0,
hkcc-ch,Stalls 2,堂座2,FF,2,,,28,28,printed,,0,0,0,0,
hkcc-ch,Stalls 2,堂座2,FF,2,,,29,29,printed,,0,0,0,0,
hkcc-ch,Stalls 2,堂座2,FF,2,,,30,30,printed,,0,0,0,0,
hkcc-ch,Stalls 2,堂座2,FF,2,,,31,31,printed,,0,0,0,0,
hkcc-ch,Stalls 2,堂座2,FF,2,,,32,32,printed,,0,0,0,0,
hkcc-ch,Stalls 2,堂座2,FF,2,,,33,33,printed,,0,0,0,0,
hkcc-ch,Stalls 2,堂座2,FF,2,,,34,34,printed,,0,0,0,0,
hkcc-ch,Stalls 2,堂座2,FF,2,,,35,35,printed,,0,0,0,0,
hkcc-ch,Stalls 2,堂座2,FF,3,,,39,39,printed,,0,0,0,0,
hkcc-ch,Stalls 2,堂座2,FF,3,,,40,40,printed,,0,0,0,0,
hkcc-ch,Stalls 2,堂座2,FF,3,,,41,41,printed,,0,0,0,0,
hkcc-ch,Stalls 2,堂座2,FF,3,,,42,42,printed,,0,0,0,0,
hkcc-ch,Stalls 2,堂座2,FF,3,,,43,43,printed,,0,0,0,0,
hkcc-ch,Stalls 2,堂座2,FF,3,,,44,44,printed,,0,0,0,0,
hkcc-ch,Stalls 2,堂座2,FF,3,,,45,45,printed,,0,0,0,0,
hkcc-ch,Stalls 2,堂座2,FF,3,,,46,46,printed,,0,0,0,0,
hkcc-ch,Stalls 2,堂座2,FF,3,,,47,47,printed,,0,0,0,0,
hkcc-ch,Stalls 2,堂座2,FF,3,,,48,48,printed,,0,0,0,0,
hkcc-ch,Stalls 2,堂座2,FF,3,,,49,49,printed,,0,0,0,0,
hkcc-ch,Stalls 2,堂座2,FF,3,,,50,50,printed,,0,0,0,0,
hkcc-ch,Stalls 2,堂座2,FF,3,,,51,51,printed,,0,0,0,0,
hkcc-ch,Stalls 2,堂座2,FF,3,,,52,52,printed,,0,0,0,0,
hkcc-ch,Stalls 2,堂座2,FF,3,,,53,53,printed,,0,0,0,0,
hkcc-ch,Stalls 2,堂座2,FF,3,,,54,54,printed,,0,0,0,0,
hkcc-ch,Stalls 2,堂座2,FF,3,,,55,55,printed,,0,0,0,0,
hkcc-ch,Stalls 2,堂座2,FF,3,,,56,56,printed,,0,0,0,0,
hkcc-ch,Stalls 2,堂座2,FF,4,,,60,60,printed,,0,0,0,0,
hkcc-ch,Stalls 2,堂座2,FF,4,,,61,61,printed,,0,0,0,0,
hkcc-ch,Stalls 2,堂座2,FF,4,,,62,62,printed,,0,0,0,0,
hkcc-ch,Stalls 2,堂座2,FF,4,,,63,63,printed,,0,0,0,0,
hkcc-ch,Stalls 2,堂座2,FF,4,,,64,64,printed,,0,0,0,0,
hkcc-ch,Stalls 2,堂座2,FF,4,,,65,65,printed,,0,0,0,0,
hkcc-ch,Stalls 2,堂座2,FF,4,,,66,66,printed,,0,0,0,0,
hkcc-ch,Stalls 2,堂座2,FF,4,,,67,67,printed,,0,0,0,0,
hkcc-ch,Stalls 2,堂座2,FF,4,,,68,68,printed,,0,0,0,0,
hkcc-ch,Stalls 2,堂座2,FF,4,,,69,69,printed,,0,0,0,0,
hkcc-ch,Stalls 2,堂座2,FF,4,,,70,70,printed,,0,0,0,0,
hkcc-ch,Stalls 2,堂座2,FF,4,,,71,71,printed,,0,0,0,0,
hkcc-ch,Stalls 2,堂座2,FF,5,,,76,76,printed,,0,0,0,0,
hkcc-ch,Stalls 2,堂座2,FF,5,,,77,77,printed,,0,0,0,0,
hkcc-ch,Stalls 2,堂座2,FF,5,,,78,78,printed,,0,0,0,0,
hkcc-ch,Stalls 2,堂座2,FF,5,,,79,79,printed,,0,0,0,0,
hkcc-ch,Stalls 2,堂座2,FF,5,,,80,80,printed,,0,0,0,0,
hkcc-ch,Stalls 2,堂座2,FF,5,,,81,81,printed,,0,0,0,0,
hkcc-ch,Stalls 2,堂座2,FF,5,,,82,82,printed,,0,0,0,0,
hkcc-ch,Stalls 2,堂座2,FF,5,,,83,83,printed,,0,0,0,0,
hkcc-ch,Stalls 2,堂座2,FF,5,,,84,84,printed,,0,0,0,0,
hkcc-ch,Stalls 2,堂座2,FF,5,,,85,85,printed,,0,0,0,0,
hkcc-ch,Stalls 2,堂座2,FF,5,,,86,86,printed,,0,0,0,0,
hkcc-ch,Stalls 2,堂座2,GG,1,,,27,27,printed,,0,0,0,0,
hkcc-ch,Stalls 2,堂座2,GG,1,,,28,28,printed,,0,0,0,0,
hkcc-ch,Stalls 2,堂座2,GG,1,,,29,29,printed,,0,0,0,0,
hkcc-ch,Stalls 2,堂座2,GG,1,,,30,30,printed,,0,0,0,0,
hkcc-ch,Stalls 2,堂座2,GG,1,,,31,31,printed,,0,0,0,0,
hkcc-ch,Stalls 2,堂座2,GG,1,,,32,32,printed,,0,0,0,0,
hkcc-ch,Stalls 2,堂座2,GG,1,,,33,33,printed,,0,0,0,0,
hkcc-ch,Stalls 2,堂座2,GG,1,,,34,34,printed,,0,0,0,0,
hkcc-ch,Stalls 2,堂座2,GG,1,,,35,35,printed,,0,0,0,0,
hkcc-ch,Stalls 2,堂座2,GG,2,,,39,39,printed,,0,0,0,0,
hkcc-ch,Stalls 2,堂座2,GG,2,,,40,40,printed,,0,0,0,0,
hkcc-ch,Stalls 2,堂座2,GG,2,,,41,41,printed,,0,0,0,0,
hkcc-ch,Stalls 2,堂座2,GG,2,,,42,42,printed,,0,0,0,0,
hkcc-ch,Stalls 2,堂座2,GG,2,,,43,43,printed,,0,0,0,0,
hkcc-ch,Stalls 2,堂座2,GG,2,,,44,44,printed,,0,0,0,0,
hkcc-ch,Stalls 2,堂座2,GG,2,,,45,45,printed,,0,0,0,0,
hkcc-ch,Stalls 2,堂座2,GG,2,,,46,46,printed,,0,0,0,0,
hkcc-ch,Stalls 2,堂座2,GG,2,,,47,47,printed,,0,0,0,0,
hkcc-ch,Stalls 2,堂座2,GG,2,,,48,48,printed,,0,0,0,0,
hkcc-ch,Stalls 2,堂座2,GG,2,,,49,49,printed,,0,0,0,0,
hkcc-ch,Stalls 2,堂座2,GG,2,,,50,50,printed,,0,0,0,0,
hkcc-ch,Stalls 2,堂座2,GG,2,,,51,51,printed,,0,0,0,0,
hkcc-ch,Stalls 2,堂座2,GG,2,,,52,52,printed,,0,0,0,0,
hkcc-ch,Stalls 2,堂座2,GG,2,,,53,53,printed,,0,0,0,0,
hkcc-ch,Stalls 2,堂座2,GG,2,,,54,54,printed,,0,0,0,0,
hkcc-ch,Stalls 2,堂座2,GG,2,,,55,55,printed,,0,0,0,0,
hkcc-ch,Stalls 2,堂座2,GG,2,,,56,56,printed,,0,0,0,0,
hkcc-ch,Stalls 2,堂座2,GG,2,,,57,57,printed,,0,0,0,0,
hkcc-ch,Stalls 2,堂座2,GG,3,,,60,60,printed,,0,0,0,0,
hkcc-ch,Stalls 2,堂座2,GG,3,,,61,61,printed,,0,0,0,0,
hkcc-ch,Stalls 2,堂座2,GG,3,,,62,62,printed,,0,0,0,0,
hkcc-ch,Stalls 2,堂座2,GG,3,,,63,63,printed,,0,0,0,0,
hkcc-ch,Stalls 2,堂座2,GG,3,,,64,64,printed,,0,0,0,0,
hkcc-ch,Stalls 2,堂座2,GG,3,,,65,65,printed,,0,0,0,0,
hkcc-ch,Stalls 2,堂座2,GG,3,,,66,66,printed,,0,0,0,0,
hkcc-ch,Stalls 2,堂座2,GG,3,,,67,67,printed,,0,0,0,0,
hkcc-ch,Stalls 2,堂座2,GG,3,,,68,68,printed,,0,0,0,0,
hkcc-ch,Stalls 2,堂座2,GG,3,,,69,69,printed,,0,0,0,0,
hkcc-ch,Stalls 2,堂座2,GG,3,,,70,70,printed,,0,0,0,0,
hkcc-ch,Stalls 2,堂座2,GG,3,,,71,71,printed,,0,0,0,0,
hkcc-ch,Stalls 2,堂座2,GG,3,,,72,72,printed,,0,0,0,0,
hkcc-ch,Stalls 2,堂座2,GG,4,,,76,76,printed,,0,0,0,0,
hkcc-ch,Stalls 2,堂座2,GG,4,,,77,77,printed,,0,0,0,0,
hkcc-ch,Stalls 2,堂座2,GG,4,,,78,78,printed,,0,0,0,0,
hkcc-ch,Stalls 2,堂座2,GG,4,,,79,79,printed,,0,0,0,0,
hkcc-ch,Stalls 2,堂座2,GG,4,,,80,80,printed,,0,0,0,0,
hkcc-ch,Stalls 2,堂座2,GG,4,,,81,81,printed,,0,0,0,0,
hkcc-ch,Stalls 2,堂座2,GG,4,,,82,82,printed,,0,0,0,0,
hkcc-ch,Stalls 2,堂座2,GG,4,,,83,83,printed,,0,0,0,0,
hkcc-ch,Stalls 2,堂座2,GG,4,,,84,84,printed,,0,0,0,0,
hkcc-ch,Stalls 2,堂座2,GG,4,,,85,85,printed,,0,0,0,0,
hkcc-ch,Stalls 2,堂座2,GG,4,,,86,86,printed,,0,0,0,0,
hkcc-ch,Stalls 2,堂座2,GG,4,,,87,87,printed,,0,0,0,0,
hkcc-ch,Stalls 2,堂座2,GG,4,,,88,88,printed,,0,0,0,0,
hkcc-ch,Stalls 2,堂座2,HH,1,,,27,27,printed,,0,0,0,0,
hkcc-ch,Stalls 2,堂座2,HH,1,,,28,28,printed,,0,0,0,0,
hkcc-ch,Stalls 2,堂座2,HH,1,,,29,29,printed,,0,0,0,0,
hkcc-ch,Stalls 2,堂座2,HH,1,,,30,30,printed,,0,0,0,0,
hkcc-ch,Stalls 2,堂座2,HH,1,,,31,31,printed,,0,0,0,0,
hkcc-ch,Stalls 2,堂座2,HH,1,,,32,32,printed,,0,0,0,0,
hkcc-ch,Stalls 2,堂座2,HH,1,,,33,33,printed,,0,0,0,0,
hkcc-ch,Stalls 2,堂座2,HH,1,,,34,34,printed,,0,0,0,0,
hkcc-ch,Stalls 2,堂座2,HH,1,,,35,35,printed,,0,0,0,0,
hkcc-ch,Stalls 2,堂座2,HH,1,,,36,36,printed,,0,0,0,0,
hkcc-ch,Stalls 2,堂座2,HH,1,,,37,37,printed,,0,0,0,0,
hkcc-ch,Stalls 2,堂座2,HH,1,,,38,38,printed,,0,0,0,0,
hkcc-ch,Stalls 2,堂座2,HH,2,,,39,39,printed,,0,0,0,0,
hkcc-ch,Stalls 2,堂座2,HH,2,,,40,40,printed,,0,0,0,0,
hkcc-ch,Stalls 2,堂座2,HH,2,,,41,41,printed,,0,0,0,0,
hkcc-ch,Stalls 2,堂座2,HH,2,,,42,42,printed,,0,0,0,0,
hkcc-ch,Stalls 2,堂座2,HH,2,,,43,43,printed,,0,0,0,0,
hkcc-ch,Stalls 2,堂座2,HH,2,,,44,44,printed,,0,0,0,0,
hkcc-ch,Stalls 2,堂座2,HH,2,,,45,45,printed,,0,0,0,0,
hkcc-ch,Stalls 2,堂座2,HH,2,,,46,46,printed,,0,0,0,0,
hkcc-ch,Stalls 2,堂座2,HH,2,,,47,47,printed,,0,0,0,0,
hkcc-ch,Stalls 2,堂座2,HH,2,,,48,48,printed,,0,0,0,0,
hkcc-ch,Stalls 2,堂座2,HH,2,,,49,49,printed,,0,0,0,0,
hkcc-ch,Stalls 2,堂座2,HH,2,,,50,50,printed,,0,0,0,0,
hkcc-ch,Stalls 2,堂座2,HH,2,,,51,51,printed,,0,0,0,0,
hkcc-ch,Stalls 2,堂座2,HH,2,,,52,52,printed,,0,0,0,0,
hkcc-ch,Stalls 2,堂座2,HH,2,,,53,53,printed,,0,0,0,0,
hkcc-ch,Stalls 2,堂座2,HH,2,,,54,54,printed,,0,0,0,0,
hkcc-ch,Stalls 2,堂座2,HH,2,,,55,55,printed,,0,0,0,0,
hkcc-ch,Stalls 2,堂座2,HH,2,,,56,56,printed,,0,0,0,0,
hkcc-ch,Stalls 2,堂座2,HH,2,,,57,57,printed,,0,0,0,0,
hkcc-ch,Stalls 2,堂座2,HH,3,,,60,60,printed,,0,0,0,0,
hkcc-ch,Stalls 2,堂座2,HH,3,,,61,61,printed,,0,0,0,0,
hkcc-ch,Stalls 2,堂座2,HH,3,,,62,62,printed,,0,0,0,0,
hkcc-ch,Stalls 2,堂座2,HH,3,,,63,63,printed,,0,0,0,0,
hkcc-ch,Stalls 2,堂座2,HH,3,,,64,64,printed,,0,0,0,0,
hkcc-ch,Stalls 2,堂座2,HH,3,,,65,65,printed,,0,0,0,0,
hkcc-ch,Stalls 2,堂座2,HH,3,,,66,66,printed,,0,0,0,0,
hkcc-ch,Stalls 2,堂座2,HH,3,,,67,67,printed,,0,0,0,0,
hkcc-ch,Stalls 2,堂座2,HH,3,,,68,68,printed,,0,0,0,0,
hkcc-ch,Stalls 2,堂座2,HH,3,,,69,69,printed,,0,0,0,0,
hkcc-ch,Stalls 2,堂座2,HH,3,,,70,70,printed,,0,0,0,0,
hkcc-ch,Stalls 2,堂座2,HH,3,,,71,71,printed,,0,0,0,0,
hkcc-ch,Stalls 2,堂座2,HH,3,,,72,72,printed,,0,0,0,0,
hkcc-ch,Stalls 2,堂座2,HH,3,,,73,73,printed,,0,0,0,0,
hkcc-ch,Stalls 2,堂座2,HH,4,,,76,76,printed,,0,0,0,0,
hkcc-ch,Stalls 2,堂座2,HH,4,,,77,77,printed,,0,0,0,0,
hkcc-ch,Stalls 2,堂座2,HH,4,,,78,78,printed,,0,0,0,0,
hkcc-ch,Stalls 2,堂座2,HH,4,,,79,79,printed,,0,0,0,0,
hkcc-ch,Stalls 2,堂座2,HH,4,,,80,80,printed,,0,0,0,0,
hkcc-ch,Stalls 2,堂座2,HH,4,,,81,81,printed,,0,0,0,0,
hkcc-ch,Stalls 2,堂座2,HH,4,,,82,82,printed,,0,0,0,0,
hkcc-ch,Stalls 2,堂座2,HH,4,,,83,83,printed,,0,0,0,0,
hkcc-ch,Stalls 2,堂座2,HH,4,,,84,84,printed,,0,0,0,0,
hkcc-ch,Stalls 2,堂座2,II,1,,,39,39,printed,,0,0,0,0,
hkcc-ch,Stalls 2,堂座2,II,1,,,40,40,printed,,0,0,0,0,
hkcc-ch,Stalls 2,堂座2,II,1,,,41,41,printed,,0,0,0,0,
hkcc-ch,Stalls 2,堂座2,II,1,,,42,42,printed,,0,0,0,0,
hkcc-ch,Stalls 2,堂座2,II,1,,,43,43,printed,,0,0,0,0,
hkcc-ch,Stalls 2,堂座2,II,1,,,44,44,printed,,0,0,0,0,
hkcc-ch,Stalls 2,堂座2,II,1,,,45,45,printed,,0,0,0,0,
hkcc-ch,Stalls 2,堂座2,II,1,,,46,46,printed,,0,0,0,0,
hkcc-ch,Stalls 2,堂座2,II,1,,,47,47,printed,,0,0,0,0,
hkcc-ch,Stalls 2,堂座2,II,1,,,48,48,printed,,0,0,0,0,
hkcc-ch,Stalls 2,堂座2,II,1,,,49,49,printed,,0,0,0,0,
hkcc-ch,Stalls 2,堂座2,II,1,,,50,50,printed,,0,0,0,0,
hkcc-ch,Stalls 2,堂座2,II,1,,,51,51,printed,,0,0,0,0,
hkcc-ch,Stalls 2,堂座2,II,1,,,52,52,printed,,0,0,0,0,
hkcc-ch,Stalls 2,堂座2,II,1,,,53,53,printed,,0,0,0,0,
hkcc-ch,Stalls 2,堂座2,II,1,,,54,54,printed,,0,0,0,0,
hkcc-ch,Stalls 2,堂座2,II,1,,,55,55,printed,,0,0,0,0,
hkcc-ch,Stalls 2,堂座2,II,1,,,56,56,printed,,0,0,0,0,
hkcc-ch,Stalls 2,堂座2,II,1,,,57,57,printed,,0,0,0,0,
hkcc-ch,Stalls 2,堂座2,II,1,,,58,58,printed,,0,0,0,0,
hkcc-ch,Stalls 2,堂座2,II,2,,,60,60,printed,,0,0,0,0,
hkcc-ch,Stalls 2,堂座2,II,2,,,61,61,printed,,0,0,0,0,
hkcc-ch,Stalls 2,堂座2,II,2,,,62,62,printed,,0,0,0,0,
hkcc-ch,Stalls 2,堂座2,II,2,,,63,63,printed,,0,0,0,0,
hkcc-ch,Stalls 2,堂座2,II,2,,,64,64,printed,,0,0,0,0,
hkcc-ch,Stalls 2,堂座2,II,2,,,65,65,printed,,0,0,0,0,
hkcc-ch,Stalls 2,堂座2,II,2,,,66,66,printed,,0,0,0,0,
hkcc-ch,Stalls 2,堂座2,II,2,,,67,67,printed,,0,0,0,0,
hkcc-ch,Stalls 2,堂座2,II,2,,,68,68,printed,,0,0,0,0,
hkcc-ch,Stalls 2,堂座2,II,2,,,69,69,printed,,0,0,0,0,
hkcc-ch,Stalls 2,堂座2,II,2,,,70,70,printed,,0,0,0,0,
hkcc-ch,Stalls 2,堂座2,II,2,,,71,71,printed,,0,0,0,0,
hkcc-ch,Stalls 2,堂座2,II,2,,,72,72,printed,,0,0,0,0,
hkcc-ch,Stalls 2,堂座2,II,2,,,73,73,printed,,0,0,0,0,
hkcc-ch,Stalls 2,堂座2,II,2,,,74,74,printed,,0,0,0,0,
hkcc-ch,Stalls 2,堂座2,JJ,1,,,39,39,printed,,0,0,0,0,
hkcc-ch,Stalls 2,堂座2,JJ,1,,,40,40,printed,,0,0,0,0,
hkcc-ch,Stalls 2,堂座2,JJ,1,,,41,41,printed,,0,0,0,0,
hkcc-ch,Stalls 2,堂座2,JJ,1,,,42,42,printed,,0,0,0,0,
hkcc-ch,Stalls 2,堂座2,JJ,1,,,43,43,printed,,0,0,0,0,
hkcc-ch,Stalls 2,堂座2,JJ,1,,,44,44,printed,,0,0,0,0,
hkcc-ch,Stalls 2,堂座2,JJ,1,,,45,45,printed,,0,0,0,0,
hkcc-ch,Stalls 2,堂座2,JJ,1,,,46,46,printed,,0,0,0,0,
hkcc-ch,Stalls 2,堂座2,JJ,1,,,47,47,printed,,0,0,0,0,
hkcc-ch,Stalls 2,堂座2,JJ,1,,,48,48,printed,,0,0,0,0,
hkcc-ch,Stalls 2,堂座2,JJ,1,,,49,49,printed,,0,0,0,0,
hkcc-ch,Stalls 2,堂座2,JJ,1,,,50,50,printed,,0,0,0,0,
hkcc-ch,Stalls 2,堂座2,JJ,1,,,51,51,printed,,0,0,0,0,
hkcc-ch,Stalls 2,堂座2,JJ,1,,,52,52,printed,,0,0,0,0,
hkcc-ch,Stalls 2,堂座2,JJ,1,,,53,53,printed,,0,0,0,0,
hkcc-ch,Stalls 2,堂座2,JJ,1,,,54,54,printed,,0,0,0,0,
hkcc-ch,Stalls 2,堂座2,JJ,1,,,55,55,printed,,0,0,0,0,
hkcc-ch,Stalls 2,堂座2,JJ,1,,,56,56,printed,,0,0,0,0,
hkcc-ch,Stalls 2,堂座2,JJ,1,,,57,57,printed,,0,0,0,0,
hkcc-ch,Stalls 2,堂座2,JJ,1,,,58,58,printed,,0,0,0,0,
hkcc-ch,Stalls 2,堂座2,JJ,1,,,59,59,printed,,0,0,0,0,
hkcc-ch,Stalls 2,堂座2,JJ,2,,,60,60,printed,,0,0,0,0,
hkcc-ch,Stalls 2,堂座2,JJ,2,,,61,61,printed,,0,0,0,0,
hkcc-ch,Stalls 2,堂座2,JJ,2,,,62,62,printed,,0,0,0,0,
hkcc-ch,Stalls 2,堂座2,JJ,2,,,63,63,printed,,0,0,0,0,
hkcc-ch,Stalls 2,堂座2,JJ,2,,,64,64,printed,,0,0,0,0,
hkcc-ch,Stalls 2,堂座2,JJ,2,,,65,65,printed,,0,0,0,0,
hkcc-ch,Stalls 2,堂座2,JJ,2,,,66,66,printed,,0,0,0,0,
hkcc-ch,Stalls 2,堂座2,JJ,2,,,67,67,printed,,0,0,0,0,
hkcc-ch,Stalls 2,堂座2,JJ,2,,,68,68,printed,,0,0,0,0,
hkcc-ch,Stalls 2,堂座2,JJ,2,,,69,69,printed,,0,0,0,0,
hkcc-ch,Stalls 2,堂座2,JJ,2,,,70,70,printed,,0,0,0,0,
hkcc-ch,Stalls 2,堂座2,JJ,2,,,71,71,printed,,0,0,0,0,
hkcc-ch,Stalls 2,堂座2,JJ,2,,,72,72,printed,,0,0,0,0,
hkcc-ch,Stalls 2,堂座2,JJ,2,,,73,73,printed,,0,0,0,0,
hkcc-ch,Stalls 2,堂座2,JJ,2,,,74,74,printed,,0,0,0,0,
hkcc-ch,Stalls 2,堂座2,JJ,2,,,75,75,printed,,0,0,0,0,
hkcc-ch,Stalls 2,堂座2,KK,1,,,39,39,printed,,0,0,0,0,
hkcc-ch,Stalls 2,堂座2,KK,1,,,40,40,printed,,0,0,0,0,
hkcc-ch,Stalls 2,堂座2,KK,1,,,41,41,printed,,0,0,0,0,
hkcc-ch,Stalls 2,堂座2,KK,1,,,42,42,printed,,0,0,0,0,
hkcc-ch,Stalls 2,堂座2,KK,1,,,43,43,printed,,0,0,0,0,
hkcc-ch,Stalls 2,堂座2,KK,1,,,44,44,printed,,0,0,0,0,
hkcc-ch,Stalls 2,堂座2,KK,1,,,45,45,printed,,0,0,0,0,
hkcc-ch,Stalls 2,堂座2,KK,1,,,46,46,printed,,0,0,0,0,
hkcc-ch,Stalls 2,堂座2,KK,1,,,47,47,printed,,0,0,0,0,
hkcc-ch,Stalls 2,堂座2,KK,1,,,48,48,printed,,0,0,0,0,
hkcc-ch,Stalls 2,堂座2,KK,1,,,49,49,printed,,0,0,0,0,
hkcc-ch,Stalls 2,堂座2,KK,1,,,50,50,printed,,0,0,0,0,
hkcc-ch,Stalls 2,堂座2,KK,1,,,51,51,printed,,0,0,0,0,
hkcc-ch,Stalls 2,堂座2,KK,1,,,52,52,printed,,0,0,0,0,
hkcc-ch,Stalls 2,堂座2,KK,2,,,60,60,printed,,0,0,0,0,
hkcc-ch,Stalls 2,堂座2,KK,2,,,61,61,printed,,0,0,0,0,
hkcc-ch,Stalls 2,堂座2,KK,2,,,62,62,printed,,0,0,0,0,
hkcc-ch,Stalls 2,堂座2,KK,2,,,63,63,printed,,0,0,0,0,
hkcc-ch,Stalls 2,堂座2,KK,2,,,64,64,printed,,0,0,0,0,
hkcc-ch,Stalls 2,堂座2,KK,2,,,65,65,printed,,0,0,0,0,
hkcc-ch,Stalls 2,堂座2,KK,2,,,66,66,printed,,0,0,0,0,
hkcc-ch,Stalls 2,堂座2,KK,2,,,67,67,printed,,0,0,0,0,
hkcc-ch,Stalls 2,堂座2,KK,2,,,68,68,printed,,0,0,0,0,
hkcc-ch,Stalls 2,堂座2,KK,2,,,69,69,printed,,0,0,0,0,
hkcc-ch,Stalls 2,堂座2,LL,1,,,39,39,printed,,0,0,0,0,
hkcc-ch,Stalls 2,堂座2,LL,1,,,40,40,printed,,0,0,0,0,
hkcc-ch,Stalls 2,堂座2,LL,1,,,41,41,printed,,0,0,0,0,
hkcc-ch,Stalls 2,堂座2,LL,1,,,42,42,printed,,0,0,0,0,
hkcc-ch,Stalls 2,堂座2,LL,1,,,43,43,printed,,0,0,0,0,
hkcc-ch,Stalls 2,堂座2,LL,1,,,44,44,printed,,0,0,0,0,
hkcc-ch,Stalls 2,堂座2,LL,1,,,45,45,printed,,0,0,0,0,
hkcc-ch,Stalls 2,堂座2,LL,2,,,46,46,printed,,0,0,0,0,
hkcc-ch,Stalls 2,堂座2,LL,2,,,47,47,printed,,0,0,0,0,
hkcc-ch,Stalls 2,堂座2,LL,2,,,48,48,printed,,0,0,0,0,
hkcc-ch,Stalls 2,堂座2,LL,2,,,49,49,printed,,0,0,0,0,
hkcc-ch,Stalls 2,堂座2,LL,2,,,50,50,printed,,0,0,0,0,
hkcc-ch,Stalls 2,堂座2,LL,2,,,51,51,printed,,0,0,0,0,
hkcc-ch,Stalls 2,堂座2,LL,2,,,52,52,printed,,0,0,0,0,
hkcc-ch,Stalls 2,堂座2,LL,3,,,60,60,printed,,0,0,0,0,
hkcc-ch,Stalls 2,堂座2,LL,3,,,61,61,printed,,0,0,0,0,
hkcc-ch,Stalls 2,堂座2,LL,3,,,62,62,printed,,0,0,0,0,
hkcc-ch,Stalls 2,堂座2,LL,3,,,63,63,printed,,0,0,0,0,
hkcc-ch,Stalls 2,堂座2,LL,3,,,64,64,printed,,0,0,0,0,
hkcc-ch,Stalls 2,堂座2,LL,3,,,65,65,printed,,0,0,0,0,
hkcc-ch,Stalls 2,堂座2,LL,3,,,66,66,printed,,0,0,0,0,
hkcc-ch,Stalls 2,堂座2,LL,3,,,67,67,printed,,0,0,0,0,
hkcc-ch,Stalls 2,堂座2,LL,3,,,68,68,printed,,0,0,0,0,
hkcc-ch,Stalls 2,堂座2,MM,1,,,39,39,printed,,0,0,0,0,
hkcc-ch,Stalls 2,堂座2,MM,1,,,40,40,printed,,0,0,0,0,
hkcc-ch,Stalls 2,堂座2,MM,1,,,41,41,printed,,0,0,0,0,
hkcc-ch,Stalls 2,堂座2,MM,1,,,42,42,printed,,0,0,0,0,
hkcc-ch,Stalls 2,堂座2,MM,1,,,43,43,printed,,0,0,0,0,
hkcc-ch,Stalls 2,堂座2,MM,1,,,44,44,printed,,0,0,0,0,
hkcc-ch,Stalls 2,堂座2,MM,1,,,45,45,printed,,0,0,0,0,
hkcc-ch,Stalls 2,堂座2,MM,1,,,46,46,printed,,0,0,0,0,
hkcc-ch,Stalls 2,堂座2,MM,2,,,47,47,printed,,0,0,0,0,
hkcc-ch,Stalls 2,堂座2,MM,2,,,48,48,printed,,0,0,0,0,
hkcc-ch,Stalls 2,堂座2,MM,2,,,49,49,printed,,0,0,0,0,
hkcc-ch,Stalls 2,堂座2,MM,2,,,50,50,printed,,0,0,0,0,
hkcc-ch,Stalls 2,堂座2,MM,2,,,51,51,printed,,0,0,0,0,
hkcc-ch,Stalls 2,堂座2,MM,2,,,52,52,printed,,0,0,0,0,
hkcc-ch,Stalls 2,堂座2,MM,2,,,53,53,printed,,0,0,0,0,
hkcc-ch,Stalls 2,堂座2,MM,2,,,54,54,printed,,0,0,0,0,
hkcc-ch,Stalls 2,堂座2,MM,2,,,55,55,printed,,0,0,0,0,
hkcc-ch,Stalls 2,堂座2,MM,3,,,60,60,printed,,0,0,0,0,
hkcc-ch,Stalls 2,堂座2,MM,3,,,61,61,printed,,0,0,0,0,
hkcc-ch,Stalls 2,堂座2,MM,3,,,62,62,printed,,0,0,0,0,
hkcc-ch,Stalls 2,堂座2,MM,3,,,63,63,printed,,0,0,0,0,
hkcc-ch,Stalls 2,堂座2,MM,3,,,64,64,printed,,0,0,0,0,
hkcc-ch,Stalls 2,堂座2,MM,3,,,65,65,printed,,0,0,0,0,
hkcc-ch,Stalls 2,堂座2,MM,3,,,66,66,printed,,0,0,0,0,
hkcc-ch,Stalls 2,堂座2,MM,3,,,67,67,printed,,0,0,0,0,
hkcc-ch,Stalls 2,堂座2,MM,3,,,68,68,printed,,0,0,0,0,
hkcc-ch,Stalls 2,堂座2,MM,3,,,69,69,printed,,0,0,0,0,
hkcc-ch,Stalls 2,堂座2,MM,3,,,70,70,printed,,0,0,0,0,
hkcc-ch,Stalls 2,堂座2,MM,3,,,71,71,printed,,0,0,0,0,
hkcc-ch,Stalls 2,堂座2,MM,3,,,72,72,printed,,0,0,0,0,
hkcc-ch,Stalls 2,堂座2,MM,3,,,73,73,printed,,0,0,0,0,
hkcc-ch,Stalls 2,堂座2,MM,3,,,74,74,printed,,0,0,0,0,
hkcc-ch,Stalls 2,堂座2,Wheel Chair Box,1,,,1,1,printed,W,1,0,0,0,
hkcc-ch,Stalls 2,堂座2,Wheel Chair Box,1,,,2,2,printed,W,1,0,0,0,
hkcc-ch,Stalls 2,堂座2,Wheel Chair Box,1,,,3,3,printed,W,1,0,0,0,
hkcc-ch,Stalls 2,堂座2,Wheel Chair Box,1,,,4,4,printed,W,1,0,0,0,
hkcc-ch,Stalls 2,堂座2,Wheel Chair Box,1,,,5,5,printed,W,1,0,0,0,
hkcc-ch,Stalls 2,堂座2,Wheel Chair Box,1,,,6,6,printed,W,1,0,0,0,
hkcc-ch,Balcony,樓座,A,1,,,1,1,printed,,0,0,0,0,
hkcc-ch,Balcony,樓座,A,1,,,2,2,printed,,0,0,0,0,
hkcc-ch,Balcony,樓座,A,1,,,3,3,printed,,0,0,0,0,
hkcc-ch,Balcony,樓座,A,1,,,4,4,printed,,0,0,0,0,
hkcc-ch,Balcony,樓座,A,1,,,5,5,printed,,0,0,0,0,
hkcc-ch,Balcony,樓座,A,1,,,6,6,printed,,0,0,0,0,
hkcc-ch,Balcony,樓座,A,1,,,7,7,printed,,0,0,0,0,
hkcc-ch,Balcony,樓座,A,1,,,8,8,printed,,0,0,0,0,
hkcc-ch,Balcony,樓座,A,2,,,14,14,printed,,0,0,0,0,
hkcc-ch,Balcony,樓座,A,2,,,15,15,printed,,0,0,0,0,
hkcc-ch,Balcony,樓座,A,2,,,16,16,printed,,0,0,0,0,
hkcc-ch,Balcony,樓座,A,2,,,17,17,printed,,0,0,0,0,
hkcc-ch,Balcony,樓座,A,2,,,18,18,printed,,0,0,0,0,
hkcc-ch,Balcony,樓座,A,2,,,19,19,printed,,0,0,0,0,
hkcc-ch,Balcony,樓座,A,2,,,20,20,printed,,0,0,0,0,
hkcc-ch,Balcony,樓座,A,2,,,21,21,printed,,0,0,0,0,
hkcc-ch,Balcony,樓座,A,2,,,22,22,printed,,0,0,0,0,
hkcc-ch,Balcony,樓座,A,2,,,23,23,printed,,0,0,0,0,
hkcc-ch,Balcony,樓座,A,2,,,24,24,printed,,0,0,0,0,
hkcc-ch,Balcony,樓座,A,2,,,25,25,printed,,0,0,0,0,
hkcc-ch,Balcony,樓座,A,3,,,30,30,printed,,0,0,0,0,
hkcc-ch,Balcony,樓座,A,3,,,31,31,printed,,0,0,0,0,
hkcc-ch,Balcony,樓座,A,3,,,32,32,printed,,0,0,0,0,
hkcc-ch,Balcony,樓座,A,3,,,33,33,printed,,0,0,0,0,
hkcc-ch,Balcony,樓座,A,3,,,34,34,printed,,0,0,0,0,
hkcc-ch,Balcony,樓座,A,3,,,35,35,printed,,0,0,0,0,
hkcc-ch,Balcony,樓座,A,3,,,36,36,printed,,0,0,0,0,
hkcc-ch,Balcony,樓座,A,3,,,37,37,printed,,0,0,0,0,
hkcc-ch,Balcony,樓座,B,1,,,1,1,printed,,0,0,0,0,
hkcc-ch,Balcony,樓座,B,1,,,2,2,printed,,0,0,0,0,
hkcc-ch,Balcony,樓座,B,1,,,3,3,printed,,0,0,0,0,
hkcc-ch,Balcony,樓座,B,1,,,4,4,printed,,0,0,0,0,
hkcc-ch,Balcony,樓座,B,1,,,5,5,printed,,0,0,0,0,
hkcc-ch,Balcony,樓座,B,1,,,6,6,printed,,0,0,0,0,
hkcc-ch,Balcony,樓座,B,1,,,7,7,printed,,0,0,0,0,
hkcc-ch,Balcony,樓座,B,1,,,8,8,printed,,0,0,0,0,
hkcc-ch,Balcony,樓座,B,1,,,9,9,printed,,0,0,0,0,
hkcc-ch,Balcony,樓座,B,2,,,14,14,printed,,0,0,0,0,
hkcc-ch,Balcony,樓座,B,2,,,15,15,printed,,0,0,0,0,
hkcc-ch,Balcony,樓座,B,2,,,16,16,printed,,0,0,0,0,
hkcc-ch,Balcony,樓座,B,2,,,17,17,printed,,0,0,0,0,
hkcc-ch,Balcony,樓座,B,2,,,18,18,printed,,0,0,0,0,
hkcc-ch,Balcony,樓座,B,2,,,19,19,printed,,0,0,0,0,
hkcc-ch,Balcony,樓座,B,2,,,20,20,printed,,0,0,0,0,
hkcc-ch,Balcony,樓座,B,2,,,21,21,printed,,0,0,0,0,
hkcc-ch,Balcony,樓座,B,2,,,22,22,printed,,0,0,0,0,
hkcc-ch,Balcony,樓座,B,2,,,23,23,printed,,0,0,0,0,
hkcc-ch,Balcony,樓座,B,2,,,24,24,printed,,0,0,0,0,
hkcc-ch,Balcony,樓座,B,2,,,25,25,printed,,0,0,0,0,
hkcc-ch,Balcony,樓座,B,3,,,30,30,printed,,0,0,0,0,
hkcc-ch,Balcony,樓座,B,3,,,31,31,printed,,0,0,0,0,
hkcc-ch,Balcony,樓座,B,3,,,32,32,printed,,0,0,0,0,
hkcc-ch,Balcony,樓座,B,3,,,33,33,printed,,0,0,0,0,
hkcc-ch,Balcony,樓座,B,3,,,34,34,printed,,0,0,0,0,
hkcc-ch,Balcony,樓座,B,3,,,35,35,printed,,0,0,0,0,
hkcc-ch,Balcony,樓座,B,3,,,36,36,printed,,0,0,0,0,
hkcc-ch,Balcony,樓座,B,3,,,37,37,printed,,0,0,0,0,
hkcc-ch,Balcony,樓座,B,3,,,38,38,printed,,0,0,0,0,
hkcc-ch,Balcony,樓座,C,1,,,1,1,printed,,0,0,0,0,
hkcc-ch,Balcony,樓座,C,1,,,2,2,printed,,0,0,0,0,
hkcc-ch,Balcony,樓座,C,1,,,3,3,printed,,0,0,0,0,
hkcc-ch,Balcony,樓座,C,1,,,4,4,printed,,0,0,0,0,
hkcc-ch,Balcony,樓座,C,1,,,5,5,printed,,0,0,0,0,
hkcc-ch,Balcony,樓座,C,1,,,6,6,printed,,0,0,0,0,
hkcc-ch,Balcony,樓座,C,1,,,7,7,printed,,0,0,0,0,
hkcc-ch,Balcony,樓座,C,1,,,8,8,printed,,0,0,0,0,
hkcc-ch,Balcony,樓座,C,1,,,9,9,printed,,0,0,0,0,
hkcc-ch,Balcony,樓座,C,1,,,10,10,printed,,0,0,0,0,
hkcc-ch,Balcony,樓座,C,2,,,14,14,printed,,0,0,0,0,
hkcc-ch,Balcony,樓座,C,2,,,15,15,printed,,0,0,0,0,
hkcc-ch,Balcony,樓座,C,2,,,16,16,printed,,0,0,0,0,
hkcc-ch,Balcony,樓座,C,2,,,17,17,printed,,0,0,0,0,
hkcc-ch,Balcony,樓座,C,2,,,18,18,printed,,0,0,0,0,
hkcc-ch,Balcony,樓座,C,2,,,19,19,printed,,0,0,0,0,
hkcc-ch,Balcony,樓座,C,2,,,20,20,printed,,0,0,0,0,
hkcc-ch,Balcony,樓座,C,2,,,21,21,printed,,0,0,0,0,
hkcc-ch,Balcony,樓座,C,2,,,22,22,printed,,0,0,0,0,
hkcc-ch,Balcony,樓座,C,2,,,23,23,printed,,0,0,0,0,
hkcc-ch,Balcony,樓座,C,2,,,24,24,printed,,0,0,0,0,
hkcc-ch,Balcony,樓座,C,2,,,25,25,printed,,0,0,0,0,
hkcc-ch,Balcony,樓座,C,2,,,26,26,printed,,0,0,0,0,
hkcc-ch,Balcony,樓座,C,2,,,27,27,printed,,0,0,0,0,
hkcc-ch,Balcony,樓座,C,3,,,30,30,printed,,0,0,0,0,
hkcc-ch,Balcony,樓座,C,3,,,31,31,printed,,0,0,0,0,
hkcc-ch,Balcony,樓座,C,3,,,32,32,printed,,0,0,0,0,
hkcc-ch,Balcony,樓座,C,3,,,33,33,printed,,0,0,0,0,
hkcc-ch,Balcony,樓座,C,3,,,34,34,printed,,0,0,0,0,
hkcc-ch,Balcony,樓座,C,3,,,35,35,printed,,0,0,0,0,
hkcc-ch,Balcony,樓座,C,3,,,36,36,printed,,0,0,0,0,
hkcc-ch,Balcony,樓座,C,3,,,37,37,printed,,0,0,0,0,
hkcc-ch,Balcony,樓座,C,3,,,38,38,printed,,0,0,0,0,
hkcc-ch,Balcony,樓座,C,3,,,39,39,printed,,0,0,0,0,
hkcc-ch,Balcony,樓座,C,4,,,43,43,printed,,0,0,0,0,
hkcc-ch,Balcony,樓座,C,4,,,44,44,printed,,0,0,0,0,
hkcc-ch,Balcony,樓座,C,4,,,45,45,printed,,0,0,0,0,
hkcc-ch,Balcony,樓座,C,4,,,46,46,printed,,0,0,0,0,
hkcc-ch,Balcony,樓座,C,4,,,47,47,printed,,0,0,0,0,
hkcc-ch,Balcony,樓座,C,4,,,48,48,printed,,0,0,0,0,
hkcc-ch,Balcony,樓座,C,4,,,49,49,printed,,0,0,0,0,
hkcc-ch,Balcony,樓座,C,4,,,50,50,printed,,0,0,0,0,
hkcc-ch,Balcony,樓座,C,4,,,51,51,printed,,0,0,0,0,
hkcc-ch,Balcony,樓座,C,5,,,54,54,printed,,0,0,0,0,
hkcc-ch,Balcony,樓座,C,5,,,55,55,printed,,0,0,0,0,
hkcc-ch,Balcony,樓座,C,5,,,56,56,printed,,0,0,0,0,
hkcc-ch,Balcony,樓座,C,5,,,57,57,printed,,0,0,0,0,
hkcc-ch,Balcony,樓座,C,5,,,58,58,printed,,0,0,0,0,
hkcc-ch,Balcony,樓座,C,5,,,59,59,printed,,0,0,0,0,
hkcc-ch,Balcony,樓座,C,5,,,60,60,printed,,0,0,0,0,
hkcc-ch,Balcony,樓座,C,5,,,61,61,printed,,0,0,0,0,
hkcc-ch,Balcony,樓座,C,5,,,62,62,printed,,0,0,0,0,
hkcc-ch,Balcony,樓座,C,6,,,142,142,printed,,0,0,0,0,
hkcc-ch,Balcony,樓座,C,6,,,143,143,printed,,0,0,0,0,
hkcc-ch,Balcony,樓座,C,6,,,144,144,printed,,0,0,0,0,
hkcc-ch,Balcony,樓座,C,6,,,145,145,printed,,0,0,0,0,
hkcc-ch,Balcony,樓座,C,6,,,146,146,printed,,0,0,0,0,
hkcc-ch,Balcony,樓座,C,6,,,147,147,printed,,0,0,0,0,
hkcc-ch,Balcony,樓座,C,6,,,148,148,printed,,0,0,0,0,
hkcc-ch,Balcony,樓座,C,6,,,149,149,printed,,0,0,0,0,
hkcc-ch,Balcony,樓座,C,6,,,150,150,printed,,0,0,0,0,
hkcc-ch,Balcony,樓座,C,7,,,154,154,printed,,0,0,0,0,
hkcc-ch,Balcony,樓座,C,7,,,155,155,printed,,0,0,0,0,
hkcc-ch,Balcony,樓座,C,7,,,156,156,printed,,0,0,0,0,
hkcc-ch,Balcony,樓座,C,7,,,157,157,printed,,0,0,0,0,
hkcc-ch,Balcony,樓座,C,7,,,158,158,printed,,0,0,0,0,
hkcc-ch,Balcony,樓座,C,7,,,159,159,printed,,0,0,0,0,
hkcc-ch,Balcony,樓座,C,7,,,160,160,printed,,0,0,0,0,
hkcc-ch,Balcony,樓座,C,7,,,161,161,printed,,0,0,0,0,
hkcc-ch,Balcony,樓座,C,7,,,162,162,printed,,0,0,0,0,
hkcc-ch,Balcony,樓座,D,1,,,1,1,printed,,0,0,0,0,
hkcc-ch,Balcony,樓座,D,1,,,2,2,printed,,0,0,0,0,
hkcc-ch,Balcony,樓座,D,1,,,3,3,printed,,0,0,0,0,
hkcc-ch,Balcony,樓座,D,1,,,4,4,printed,,0,0,0,0,
hkcc-ch,Balcony,樓座,D,1,,,5,5,printed,,0,0,0,0,
hkcc-ch,Balcony,樓座,D,1,,,6,6,printed,,0,0,0,0,
hkcc-ch,Balcony,樓座,D,1,,,7,7,printed,,0,0,0,0,
hkcc-ch,Balcony,樓座,D,1,,,8,8,printed,,0,0,0,0,
hkcc-ch,Balcony,樓座,D,1,,,9,9,printed,,0,0,0,0,
hkcc-ch,Balcony,樓座,D,1,,,10,10,printed,,0,0,0,0,
hkcc-ch,Balcony,樓座,D,1,,,11,11,printed,,0,0,0,0,
hkcc-ch,Balcony,樓座,D,2,,,14,14,printed,,0,0,0,0,
hkcc-ch,Balcony,樓座,D,2,,,15,15,printed,,0,0,0,0,
hkcc-ch,Balcony,樓座,D,2,,,16,16,printed,,0,0,0,0,
hkcc-ch,Balcony,樓座,D,2,,,17,17,printed,,0,0,0,0,
hkcc-ch,Balcony,樓座,D,2,,,18,18,printed,,0,0,0,0,
hkcc-ch,Balcony,樓座,D,2,,,19,19,printed,,0,0,0,0,
hkcc-ch,Balcony,樓座,D,2,,,20,20,printed,,0,0,0,0,
hkcc-ch,Balcony,樓座,D,2,,,21,21,printed,,0,0,0,0,
hkcc-ch,Balcony,樓座,D,2,,,22,22,printed,,0,0,0,0,
hkcc-ch,Balcony,樓座,D,2,,,23,23,printed,,0,0,0,0,
hkcc-ch,Balcony,樓座,D,2,,,24,24,printed,,0,0,0,0,
hkcc-ch,Balcony,樓座,D,2,,,25,25,printed,,0,0,0,0,
hkcc-ch,Balcony,樓座,D,2,,,26,26,printed,,0,0,0,0,
hkcc-ch,Balcony,樓座,D,2,,,27,27,printed,,0,0,0,0,
hkcc-ch,Balcony,樓座,D,2,,,28,28,printed,,0,0,0,0,
hkcc-ch,Balcony,樓座,D,2,,,29,29,printed,,0,0,0,0,
hkcc-ch,Balcony,樓座,D,3,,,30,30,printed,,0,0,0,0,
hkcc-ch,Balcony,樓座,D,3,,,31,31,printed,,0,0,0,0,
hkcc-ch,Balcony,樓座,D,3,,,32,32,printed,,0,0,0,0,
hkcc-ch,Balcony,樓座,D,3,,,33,33,printed,,0,0,0,0,
hkcc-ch,Balcony,樓座,D,3,,,34,34,printed,,0,0,0,0,
hkcc-ch,Balcony,樓座,D,3,,,35,35,printed,,0,0,0,0,
hkcc-ch,Balcony,樓座,D,3,,,36,36,printed,,0,0,0,0,
hkcc-ch,Balcony,樓座,D,3,,,37,37,printed,,0,0,0,0,
hkcc-ch,Balcony,樓座,D,3,,,38,38,printed,,0,0,0,0,
hkcc-ch,Balcony,樓座,D,3,,,39,39,printed,,0,0,0,0,
hkcc-ch,Balcony,樓座,D,3,,,40,40,printed,,0,0,0,0,
hkcc-ch,Balcony,樓座,D,4,,,43,43,printed,,0,0,0,0,
hkcc-ch,Balcony,樓座,D,4,,,44,44,printed,,0,0,0,0,
hkcc-ch,Balcony,樓座,D,4,,,45,45,printed,,0,0,0,0,
hkcc-ch,Balcony,樓座,D,4,,,46,46,printed,,0,0,0,0,
hkcc-ch,Balcony,樓座,D,4,,,47,47,printed,,0,0,0,0,
hkcc-ch,Balcony,樓座,D,4,,,48,48,printed,,0,0,0,0,
hkcc-ch,Balcony,樓座,D,4,,,49,49,printed,,0,0,0,0,
hkcc-ch,Balcony,樓座,D,4,,,50,50,printed,,0,0,0,0,
hkcc-ch,Balcony,樓座,D,4,,,51,51,printed,,0,0,0,0,
hkcc-ch,Balcony,樓座,D,5,,,54,54,printed,,0,0,0,0,
hkcc-ch,Balcony,樓座,D,5,,,55,55,printed,,0,0,0,0,
hkcc-ch,Balcony,樓座,D,5,,,56,56,printed,,0,0,0,0,
hkcc-ch,Balcony,樓座,D,5,,,57,57,printed,,0,0,0,0,
hkcc-ch,Balcony,樓座,D,5,,,58,58,printed,,0,0,0,0,
hkcc-ch,Balcony,樓座,D,5,,,59,59,printed,,0,0,0,0,
hkcc-ch,Balcony,樓座,D,5,,,60,60,printed,,0,0,0,0,
hkcc-ch,Balcony,樓座,D,5,,,61,61,printed,,0,0,0,0,
hkcc-ch,Balcony,樓座,D,5,,,62,62,printed,,0,0,0,0,
hkcc-ch,Balcony,樓座,D,5,,,63,63,printed,,0,0,0,0,
hkcc-ch,Balcony,樓座,D,6,,,142,142,printed,,0,0,0,0,
hkcc-ch,Balcony,樓座,D,6,,,143,143,printed,,0,0,0,0,
hkcc-ch,Balcony,樓座,D,6,,,144,144,printed,,0,0,0,0,
hkcc-ch,Balcony,樓座,D,6,,,145,145,printed,,0,0,0,0,
hkcc-ch,Balcony,樓座,D,6,,,146,146,printed,,0,0,0,0,
hkcc-ch,Balcony,樓座,D,6,,,147,147,printed,,0,0,0,0,
hkcc-ch,Balcony,樓座,D,6,,,148,148,printed,,0,0,0,0,
hkcc-ch,Balcony,樓座,D,6,,,149,149,printed,,0,0,0,0,
hkcc-ch,Balcony,樓座,D,6,,,150,150,printed,,0,0,0,0,
hkcc-ch,Balcony,樓座,D,6,,,151,151,printed,,0,0,0,0,
hkcc-ch,Balcony,樓座,D,7,,,154,154,printed,,0,0,0,0,
hkcc-ch,Balcony,樓座,D,7,,,155,155,printed,,0,0,0,0,
hkcc-ch,Balcony,樓座,D,7,,,156,156,printed,,0,0,0,0,
hkcc-ch,Balcony,樓座,D,7,,,157,157,printed,,0,0,0,0,
hkcc-ch,Balcony,樓座,D,7,,,158,158,printed,,0,0,0,0,
hkcc-ch,Balcony,樓座,D,7,,,159,159,printed,,0,0,0,0,
hkcc-ch,Balcony,樓座,D,7,,,160,160,printed,,0,0,0,0,
hkcc-ch,Balcony,樓座,D,7,,,161,161,printed,,0,0,0,0,
hkcc-ch,Balcony,樓座,D,7,,,162,162,printed,,0,0,0,0,
hkcc-ch,Balcony,樓座,E,1,,,1,1,printed,,0,0,0,0,
hkcc-ch,Balcony,樓座,E,1,,,2,2,printed,,0,0,0,0,
hkcc-ch,Balcony,樓座,E,1,,,3,3,printed,,0,0,0,0,
hkcc-ch,Balcony,樓座,E,1,,,4,4,printed,,0,0,0,0,
hkcc-ch,Balcony,樓座,E,1,,,5,5,printed,,0,0,0,0,
hkcc-ch,Balcony,樓座,E,1,,,6,6,printed,,0,0,0,0,
hkcc-ch,Balcony,樓座,E,1,,,7,7,printed,,0,0,0,0,
hkcc-ch,Balcony,樓座,E,1,,,8,8,printed,,0,0,0,0,
hkcc-ch,Balcony,樓座,E,1,,,9,9,printed,,0,0,0,0,
hkcc-ch,Balcony,樓座,E,1,,,10,10,printed,,0,0,0,0,
hkcc-ch,Balcony,樓座,E,1,,,11,11,printed,,0,0,0,0,
hkcc-ch,Balcony,樓座,E,1,,,12,12,printed,,0,0,0,0,
hkcc-ch,Balcony,樓座,E,2,,,14,14,printed,,0,0,0,0,
hkcc-ch,Balcony,樓座,E,2,,,15,15,printed,,0,0,0,0,
hkcc-ch,Balcony,樓座,E,3,,,28,28,printed,,0,0,0,0,
hkcc-ch,Balcony,樓座,E,3,,,29,29,printed,,0,0,0,0,
hkcc-ch,Balcony,樓座,E,4,,,30,30,printed,,0,0,0,0,
hkcc-ch,Balcony,樓座,E,4,,,31,31,printed,,0,0,0,0,
hkcc-ch,Balcony,樓座,E,4,,,32,32,printed,,0,0,0,0,
hkcc-ch,Balcony,樓座,E,4,,,33,33,printed,,0,0,0,0,
hkcc-ch,Balcony,樓座,E,4,,,34,34,printed,,0,0,0,0,
hkcc-ch,Balcony,樓座,E,4,,,35,35,printed,,0,0,0,0,
hkcc-ch,Balcony,樓座,E,4,,,36,36,printed,,0,0,0,0,
hkcc-ch,Balcony,樓座,E,4,,,37,37,printed,,0,0,0,0,
hkcc-ch,Balcony,樓座,E,4,,,38,38,printed,,0,0,0,0,
hkcc-ch,Balcony,樓座,E,4,,,39,39,printed,,0,0,0,0,
hkcc-ch,Balcony,樓座,E,4,,,40,40,printed,,0,0,0,0,
hkcc-ch,Balcony,樓座,E,4,,,41,41,printed,,0,0,0,0,
hkcc-ch,Balcony,樓座,E,5,,,43,43,printed,,0,0,0,0,
hkcc-ch,Balcony,樓座,E,5,,,44,44,printed,,0,0,0,0,
hkcc-ch,Balcony,樓座,E,5,,,45,45,printed,,0,0,0,0,
hkcc-ch,Balcony,樓座,E,5,,,46,46,printed,,0,0,0,0,
hkcc-ch,Balcony,樓座,E,5,,,47,47,printed,,0,0,0,0,
hkcc-ch,Balcony,樓座,E,5,,,48,48,printed,,0,0,0,0,
hkcc-ch,Balcony,樓座,E,5,,,49,49,printed,,0,0,0,0,
hkcc-ch,Balcony,樓座,E,5,,,50,50,printed,,0,0,0,0,
hkcc-ch,Balcony,樓座,E,5,,,51,51,printed,,0,0,0,0,
hkcc-ch,Balcony,樓座,E,5,,,52,52,printed,,0,0,0,0,
hkcc-ch,Balcony,樓座,E,6,,,54,54,printed,,0,0,0,0,
hkcc-ch,Balcony,樓座,E,6,,,55,55,printed,,0,0,0,0,
hkcc-ch,Balcony,樓座,E,6,,,56,56,printed,,0,0,0,0,
hkcc-ch,Balcony,樓座,E,6,,,57,57,printed,,0,0,0,0,
hkcc-ch,Balcony,樓座,E,6,,,58,58,printed,,0,0,0,0,
hkcc-ch,Balcony,樓座,E,6,,,59,59,printed,,0,0,0,0,
hkcc-ch,Balcony,樓座,E,6,,,60,60,printed,,0,0,0,0,
hkcc-ch,Balcony,樓座,E,6,,,61,61,printed,,0,0,0,0,
hkcc-ch,Balcony,樓座,E,6,,,62,62,printed,,0,0,0,0,
hkcc-ch,Balcony,樓座,E,6,,,63,63,printed,,0,0,0,0,
hkcc-ch,Balcony,樓座,E,6,,,64,64,printed,,0,0,0,0,
hkcc-ch,Balcony,樓座,E,7,,,67,67,printed,,0,0,0,0,
hkcc-ch,Balcony,樓座,E,7,,,68,68,printed,,0,0,0,0,
hkcc-ch,Balcony,樓座,E,7,,,69,69,printed,,0,0,0,0,
hkcc-ch,Balcony,樓座,E,7,,,70,70,printed,,0,0,0,0,
hkcc-ch,Balcony,樓座,E,7,,,71,71,printed,,0,0,0,0,
hkcc-ch,Balcony,樓座,E,7,,,72,72,printed,,0,0,0,0,
hkcc-ch,Balcony,樓座,E,7,,,73,73,printed,,0,0,0,0,
hkcc-ch,Balcony,樓座,E,7,,,74,74,printed,,0,0,0,0,
hkcc-ch,Balcony,樓座,E,7,,,75,75,printed,,0,0,0,0,
hkcc-ch,Balcony,樓座,E,7,,,76,76,printed,,0,0,0,0,
hkcc-ch,Balcony,樓座,E,8,,,142,142,printed,,0,0,0,0,
hkcc-ch,Balcony,樓座,E,8,,,143,143,printed,,0,0,0,0,
hkcc-ch,Balcony,樓座,E,8,,,144,144,printed,,0,0,0,0,
hkcc-ch,Balcony,樓座,E,8,,,145,145,printed,,0,0,0,0,
hkcc-ch,Balcony,樓座,E,8,,,146,146,printed,,0,0,0,0,
hkcc-ch,Balcony,樓座,E,8,,,147,147,printed,,0,0,0,0,
hkcc-ch,Balcony,樓座,E,8,,,148,148,printed,,0,0,0,0,
hkcc-ch,Balcony,樓座,E,8,,,149,149,printed,,0,0,0,0,
hkcc-ch,Balcony,樓座,E,8,,,150,150,printed,,0,0,0,0,
hkcc-ch,Balcony,樓座,E,8,,,151,151,printed,,0,0,0,0,
hkcc-ch,Balcony,樓座,E,8,,,152,152,printed,,0,0,0,0,
hkcc-ch,Balcony,樓座,E,9,,,154,154,printed,,0,0,0,0,
hkcc-ch,Balcony,樓座,E,9,,,155,155,printed,,0,0,0,0,
hkcc-ch,Balcony,樓座,E,9,,,156,156,printed,,0,0,0,0,
hkcc-ch,Balcony,樓座,E,9,,,157,157,printed,,0,0,0,0,
hkcc-ch,Balcony,樓座,E,9,,,158,158,printed,,0,0,0,0,
hkcc-ch,Balcony,樓座,E,9,,,159,159,printed,,0,0,0,0,
hkcc-ch,Balcony,樓座,E,9,,,160,160,printed,,0,0,0,0,
hkcc-ch,Balcony,樓座,E,9,,,161,161,printed,,0,0,0,0,
hkcc-ch,Balcony,樓座,E,9,,,162,162,printed,,0,0,0,0,
hkcc-ch,Balcony,樓座,E,9,,,163,163,printed,,0,0,0,0,
hkcc-ch,Balcony,樓座,F,1,,,1,1,printed,,0,0,0,0,
hkcc-ch,Balcony,樓座,F,1,,,2,2,printed,,0,0,0,0,
hkcc-ch,Balcony,樓座,F,1,,,3,3,printed,,0,0,0,0,
hkcc-ch,Balcony,樓座,F,1,,,4,4,printed,,0,0,0,0,
hkcc-ch,Balcony,樓座,F,1,,,5,5,printed,,0,0,0,0,
hkcc-ch,Balcony,樓座,F,1,,,6,6,printed,,0,0,0,0,
hkcc-ch,Balcony,樓座,F,1,,,7,7,printed,,0,0,0,0,
hkcc-ch,Balcony,樓座,F,1,,,8,8,printed,,0,0,0,0,
hkcc-ch,Balcony,樓座,F,1,,,9,9,printed,,0,0,0,0,
hkcc-ch,Balcony,樓座,F,1,,,10,10,printed,,0,0,0,0,
hkcc-ch,Balcony,樓座,F,1,,,11,11,printed,,0,0,0,0,
hkcc-ch,Balcony,樓座,F,1,,,12,12,printed,,0,0,0,0,
hkcc-ch,Balcony,樓座,F,1,,,13,13,printed,,0,0,0,0,
hkcc-ch,Balcony,樓座,F,2,,,30,30,printed,,0,0,0,0,
hkcc-ch,Balcony,樓座,F,2,,,31,31,printed,,0,0,0,0,
hkcc-ch,Balcony,樓座,F,2,,,32,32,printed,,0,0,0,0,
hkcc-ch,Balcony,樓座,F,2,,,33,33,printed,,0,0,0,0,
hkcc-ch,Balcony,樓座,F,2,,,34,34,printed,,0,0,0,0,
hkcc-ch,Balcony,樓座,F,2,,,35,35,printed,,0,0,0,0,
hkcc-ch,Balcony,樓座,F,2,,,36,36,printed,,0,0,0,0,
hkcc-ch,Balcony,樓座,F,2,,,37,37,printed,,0,0,0,0,
hkcc-ch,Balcony,樓座,F,2,,,38,38,printed,,0,0,0,0,
hkcc-ch,Balcony,樓座,F,2,,,39,39,printed,,0,0,0,0,
hkcc-ch,Balcony,樓座,F,2,,,40,40,printed,,0,0,0,0,
hkcc-ch,Balcony,樓座,F,2,,,41,41,printed,,0,0,0,0,
hkcc-ch,Balcony,樓座,F,2,,,42,42,printed,,0,0,0,0,
hkcc-ch,Balcony,樓座,F,3,,,43,43,printed,,0,0,0,0,
hkcc-ch,Balcony,樓座,F,3,,,44,44,printed,,0,0,0,0,
hkcc-ch,Balcony,樓座,F,3,,,45,45,printed,,0,0,0,0,
hkcc-ch,Balcony,樓座,F,3,,,46,46,printed,,0,0,0,0,
hkcc-ch,Balcony,樓座,F,3,,,47,47,printed,,0,0,0,0,
hkcc-ch,Balcony,樓座,F,3,,,48,48,printed,,0,0,0,0,
hkcc-ch,Balcony,樓座,F,3,,,49,49,printed,,0,0,0,0,
hkcc-ch,Balcony,樓座,F,3,,,50,50,printed,,0,0,0,0,
hkcc-ch,Balcony,樓座,F,3,,,51,51,printed,,0,0,0,0,
hkcc-ch,Balcony,樓座,F,3,,,52,52,printed,,0,0,0,0,
hkcc-ch,Balcony,樓座,F,3,,,53,53,printed,,0,0,0,0,
hkcc-ch,Balcony,樓座,F,4,,,54,54,printed,,0,0,0,0,
hkcc-ch,Balcony,樓座,F,4,,,55,55,printed,,0,0,0,0,
hkcc-ch,Balcony,樓座,F,4,,,56,56,printed,,0,0,0,0,
hkcc-ch,Balcony,樓座,F,4,,,57,57,printed,,0,0,0,0,
hkcc-ch,Balcony,樓座,F,4,,,58,58,printed,,0,0,0,0,
hkcc-ch,Balcony,樓座,F,4,,,59,59,printed,,0,0,0,0,
hkcc-ch,Balcony,樓座,F,4,,,60,60,printed,,0,0,0,0,
hkcc-ch,Balcony,樓座,F,4,,,61,61,printed,,0,0,0,0,
hkcc-ch,Balcony,樓座,F,4,,,62,62,printed,,0,0,0,0,
hkcc-ch,Balcony,樓座,F,4,,,63,63,printed,,0,0,0,0,
hkcc-ch,Balcony,樓座,F,4,,,64,64,printed,,0,0,0,0,
hkcc-ch,Balcony,樓座,F,5,,,67,67,printed,,0,0,0,0,
hkcc-ch,Balcony,樓座,F,5,,,68,68,printed,,0,0,0,0,
hkcc-ch,Balcony,樓座,F,5,,,69,69,printed,,0,0,0,0,
hkcc-ch,Balcony,樓座,F,5,,,70,70,printed,,0,0,0,0,
hkcc-ch,Balcony,樓座,F,5,,,71,71,printed,,0,0,0,0,
hkcc-ch,Balcony,樓座,F,5,,,72,72,printed,,0,0,0,0,
hkcc-ch,Balcony,樓座,F,5,,,73,73,printed,,0,0,0,0,
hkcc-ch,Balcony,樓座,F,5,,,74,74,printed,,0,0,0,0,
hkcc-ch,Balcony,樓座,F,5,,,75,75,printed,,0,0,0,0,
hkcc-ch,Balcony,樓座,F,5,,,76,76,printed,,0,0,0,0,
hkcc-ch,Balcony,樓座,F,5,,,77,77,printed,,0,0,0,0,
hkcc-ch,Balcony,樓座,F,6,,,129,129,printed,,0,0,0,0,
hkcc-ch,Balcony,樓座,F,6,,,130,130,printed,,0,0,0,0,
hkcc-ch,Balcony,樓座,F,6,,,131,131,printed,,0,0,0,0,
hkcc-ch,Balcony,樓座,F,6,,,132,132,printed,,0,0,0,0,
hkcc-ch,Balcony,樓座,F,6,,,133,133,printed,,0,0,0,0,
hkcc-ch,Balcony,樓座,F,6,,,134,134,printed,,0,0,0,0,
hkcc-ch,Balcony,樓座,F,6,,,135,135,printed,,0,0,0,0,
hkcc-ch,Balcony,樓座,F,6,,,136,136,printed,,0,0,0,0,
hkcc-ch,Balcony,樓座,F,6,,,137,137,printed,,0,0,0,0,
hkcc-ch,Balcony,樓座,F,6,,,138,138,printed,,0,0,0,0,
hkcc-ch,Balcony,樓座,F,7,,,142,142,printed,,0,0,0,0,
hkcc-ch,Balcony,樓座,F,7,,,143,143,printed,,0,0,0,0,
hkcc-ch,Balcony,樓座,F,7,,,144,144,printed,,0,0,0,0,
hkcc-ch,Balcony,樓座,F,7,,,145,145,printed,,0,0,0,0,
hkcc-ch,Balcony,樓座,F,7,,,146,146,printed,,0,0,0,0,
hkcc-ch,Balcony,樓座,F,7,,,147,147,printed,,0,0,0,0,
hkcc-ch,Balcony,樓座,F,7,,,148,148,printed,,0,0,0,0,
hkcc-ch,Balcony,樓座,F,7,,,149,149,printed,,0,0,0,0,
hkcc-ch,Balcony,樓座,F,7,,,150,150,printed,,0,0,0,0,
hkcc-ch,Balcony,樓座,F,7,,,151,151,printed,,0,0,0,0,
hkcc-ch,Balcony,樓座,F,7,,,152,152,printed,,0,0,0,0,
hkcc-ch,Balcony,樓座,F,8,,,154,154,printed,,0,0,0,0,
hkcc-ch,Balcony,樓座,F,8,,,155,155,printed,,0,0,0,0,
hkcc-ch,Balcony,樓座,F,8,,,156,156,printed,,0,0,0,0,
hkcc-ch,Balcony,樓座,F,8,,,157,157,printed,,0,0,0,0,
hkcc-ch,Balcony,樓座,F,8,,,158,158,printed,,0,0,0,0,
hkcc-ch,Balcony,樓座,F,8,,,159,159,printed,,0,0,0,0,
hkcc-ch,Balcony,樓座,F,8,,,160,160,printed,,0,0,0,0,
hkcc-ch,Balcony,樓座,F,8,,,161,161,printed,,0,0,0,0,
hkcc-ch,Balcony,樓座,F,8,,,162,162,printed,,0,0,0,0,
hkcc-ch,Balcony,樓座,F,8,,,163,163,printed,,0,0,0,0,
hkcc-ch,Balcony,樓座,F,8,,,164,164,printed,,0,0,0,0,
hkcc-ch,Balcony,樓座,G,1,,,43,43,printed,,0,0,0,0,
hkcc-ch,Balcony,樓座,G,1,,,44,44,printed,,0,0,0,0,
hkcc-ch,Balcony,樓座,G,1,,,45,45,printed,,0,0,0,0,
hkcc-ch,Balcony,樓座,G,1,,,46,46,printed,,0,0,0,0,
hkcc-ch,Balcony,樓座,G,1,,,47,47,printed,,0,0,0,0,
hkcc-ch,Balcony,樓座,G,1,,,48,48,printed,,0,0,0,0,
hkcc-ch,Balcony,樓座,G,1,,,49,49,printed,,0,0,0,0,
hkcc-ch,Balcony,樓座,G,1,,,50,50,printed,,0,0,0,0,
hkcc-ch,Balcony,樓座,G,1,,,51,51,printed,,0,0,0,0,
hkcc-ch,Balcony,樓座,G,1,,,52,52,printed,,0,0,0,0,
hkcc-ch,Balcony,樓座,G,1,,,53,53,printed,,0,0,0,0,
hkcc-ch,Balcony,樓座,G,2,,,54,54,printed,,0,0,0,0,
hkcc-ch,Balcony,樓座,G,2,,,55,55,printed,,0,0,0,0,
hkcc-ch,Balcony,樓座,G,2,,,56,56,printed,,0,0,0,0,
hkcc-ch,Balcony,樓座,G,2,,,57,57,printed,,0,0,0,0,
hkcc-ch,Balcony,樓座,G,2,,,58,58,printed,,0,0,0,0,
hkcc-ch,Balcony,樓座,G,2,,,59,59,printed,,0,0,0,0,
hkcc-ch,Balcony,樓座,G,2,,,60,60,printed,,0,0,0,0,
hkcc-ch,Balcony,樓座,G,2,,,61,61,printed,,0,0,0,0,
hkcc-ch,Balcony,樓座,G,2,,,62,62,printed,,0,0,0,0,
hkcc-ch,Balcony,樓座,G,2,,,63,63,printed,,0,0,0,0,
hkcc-ch,Balcony,樓座,G,2,,,64,64,printed,,0,0,0,0,
hkcc-ch,Balcony,樓座,G,2,,,65,65,printed,,0,0,0,0,
hkcc-ch,Balcony,樓座,G,3,,,67,67,printed,,0,0,0,0,
hkcc-ch,Balcony,樓座,G,3,,,68,68,printed,,0,0,0,0,
hkcc-ch,Balcony,樓座,G,3,,,69,69,printed,,0,0,0,0,
hkcc-ch,Balcony,樓座,G,3,,,70,70,printed,,0,0,0,0,
hkcc-ch,Balcony,樓座,G,3,,,71,71,printed,,0,0,0,0,
hkcc-ch,Balcony,樓座,G,3,,,72,72,printed,,0,0,0,0,
hkcc-ch,Balcony,樓座,G,3,,,73,73,printed,,0,0,0,0,
hkcc-ch,Balcony,樓座,G,3,,,74,74,printed,,0,0,0,0,
hkcc-ch,Balcony,樓座,G,3,,,75,75,printed,,0,0,0,0,
hkcc-ch,Balcony,樓座,G,3,,,76,76,printed,,0,0,0,0,
hkcc-ch,Balcony,樓座,G,3,,,77,77,printed,,0,0,0,0,
hkcc-ch,Balcony,樓座,G,4,,,80,80,printed,,0,0,0,0,
hkcc-ch,Balcony,樓座,G,4,,,81,81,printed,,0,0,0,0,
hkcc-ch,Balcony,樓座,G,4,,,82,82,printed,,0,0,0,0,
hkcc-ch,Balcony,樓座,G,4,,,83,83,printed,,0,0,0,0,
hkcc-ch,Balcony,樓座,G,4,,,84,84,printed,,0,0,0,0,
hkcc-ch,Balcony,樓座,G,4,,,85,85,printed,,0,0,0,0,
hkcc-ch,Balcony,樓座,G,4,,,86,86,printed,,0,0,0,0,
hkcc-ch,Balcony,樓座,G,4,,,87,87,printed,,0,0,0,0,
hkcc-ch,Balcony,樓座,G,5,,,129,129,printed,,0,0,0,0,
hkcc-ch,Balcony,樓座,G,5,,,130,130,printed,,0,0,0,0,
hkcc-ch,Balcony,樓座,G,5,,,131,131,printed,,0,0,0,0,
hkcc-ch,Balcony,樓座,G,5,,,132,132,printed,,0,0,0,0,
hkcc-ch,Balcony,樓座,G,5,,,133,133,printed,,0,0,0,0,
hkcc-ch,Balcony,樓座,G,5,,,134,134,printed,,0,0,0,0,
hkcc-ch,Balcony,樓座,G,5,,,135,135,printed,,0,0,0,0,
hkcc-ch,Balcony,樓座,G,5,,,136,136,printed,,0,0,0,0,
hkcc-ch,Balcony,樓座,G,5,,,137,137,printed,,0,0,0,0,
hkcc-ch,Balcony,樓座,G,5,,,138,138,printed,,0,0,0,0,
hkcc-ch,Balcony,樓座,G,5,,,139,139,printed,,0,0,0,0,
hkcc-ch,Balcony,樓座,G,6,,,142,142,printed,,0,0,0,0,
hkcc-ch,Balcony,樓座,G,6,,,143,143,printed,,0,0,0,0,
hkcc-ch,Balcony,樓座,G,6,,,144,144,printed,,0,0,0,0,
hkcc-ch,Balcony,樓座,G,6,,,145,145,printed,,0,0,0,0,
hkcc-ch,Balcony,樓座,G,6,,,146,146,printed,,0,0,0,0,
hkcc-ch,Balcony,樓座,G,6,,,147,147,printed,,0,0,0,0,
hkcc-ch,Balcony,樓座,G,6,,,148,148,printed,,0,0,0,0,
hkcc-ch,Balcony,樓座,G,6,,,149,149,printed,,0,0,0,0,
hkcc-ch,Balcony,樓座,G,6,,,150,150,printed,,0,0,0,0,
hkcc-ch,Balcony,樓座,G,6,,,151,151,printed,,0,0,0,0,
hkcc-ch,Balcony,樓座,G,6,,,152,152,printed,,0,0,0,0,
hkcc-ch,Balcony,樓座,G,6,,,153,153,printed,,0,0,0,0,
hkcc-ch,Balcony,樓座,G,7,,,154,154,printed,,0,0,0,0,
hkcc-ch,Balcony,樓座,G,7,,,155,155,printed,,0,0,0,0,
hkcc-ch,Balcony,樓座,G,7,,,156,156,printed,,0,0,0,0,
hkcc-ch,Balcony,樓座,G,7,,,157,157,printed,,0,0,0,0,
hkcc-ch,Balcony,樓座,G,7,,,158,158,printed,,0,0,0,0,
hkcc-ch,Balcony,樓座,G,7,,,159,159,printed,,0,0,0,0,
hkcc-ch,Balcony,樓座,G,7,,,160,160,printed,,0,0,0,0,
hkcc-ch,Balcony,樓座,G,7,,,161,161,printed,,0,0,0,0,
hkcc-ch,Balcony,樓座,G,7,,,162,162,printed,,0,0,0,0,
hkcc-ch,Balcony,樓座,G,7,,,163,163,printed,,0,0,0,0,
hkcc-ch,Balcony,樓座,G,7,,,164,164,printed,,0,0,0,0,
hkcc-ch,Balcony,樓座,H,1,,,54,54,printed,,0,0,0,0,
hkcc-ch,Balcony,樓座,H,1,,,55,55,printed,,0,0,0,0,
hkcc-ch,Balcony,樓座,H,1,,,56,56,printed,,0,0,0,0,
hkcc-ch,Balcony,樓座,H,1,,,57,57,printed,,0,0,0,0,
hkcc-ch,Balcony,樓座,H,1,,,58,58,printed,,0,0,0,0,
hkcc-ch,Balcony,樓座,H,1,,,59,59,printed,,0,0,0,0,
hkcc-ch,Balcony,樓座,H,1,,,60,60,printed,,0,0,0,0,
hkcc-ch,Balcony,樓座,H,1,,,61,61,printed,,0,0,0,0,
hkcc-ch,Balcony,樓座,H,1,,,62,62,printed,,0,0,0,0,
hkcc-ch,Balcony,樓座,H,1,,,63,63,printed,,0,0,0,0,
hkcc-ch,Balcony,樓座,H,1,,,64,64,printed,,0,0,0,0,
hkcc-ch,Balcony,樓座,H,1,,,65,65,printed,,0,0,0,0,
hkcc-ch,Balcony,樓座,H,2,,,67,67,printed,,0,0,0,0,
hkcc-ch,Balcony,樓座,H,2,,,68,68,printed,,0,0,0,0,
hkcc-ch,Balcony,樓座,H,2,,,69,69,printed,,0,0,0,0,
hkcc-ch,Balcony,樓座,H,2,,,70,70,printed,,0,0,0,0,
hkcc-ch,Balcony,樓座,H,2,,,71,71,printed,,0,0,0,0,
hkcc-ch,Balcony,樓座,H,2,,,72,72,printed,,0,0,0,0,
hkcc-ch,Balcony,樓座,H,2,,,73,73,printed,,0,0,0,0,
hkcc-ch,Balcony,樓座,H,2,,,74,74,printed,,0,0,0,0,
hkcc-ch,Balcony,樓座,H,2,,,75,75,printed,,0,0,0,0,
hkcc-ch,Balcony,樓座,H,2,,,76,76,printed,,0,0,0,0,
hkcc-ch,Balcony,樓座,H,2,,,77,77,printed,,0,0,0,0,
hkcc-ch,Balcony,樓座,H,2,,,78,78,printed,,0,0,0,0,
hkcc-ch,Balcony,樓座,H,3,,,80,80,printed,,0,0,0,0,
hkcc-ch,Balcony,樓座,H,3,,,81,81,printed,,0,0,0,0,
hkcc-ch,Balcony,樓座,H,3,,,82,82,printed,,0,0,0,0,
hkcc-ch,Balcony,樓座,H,3,,,83,83,printed,,0,0,0,0,
hkcc-ch,Balcony,樓座,H,3,,,84,84,printed,,0,0,0,0,
hkcc-ch,Balcony,樓座,H,3,,,85,85,printed,,0,0,0,0,
hkcc-ch,Balcony,樓座,H,3,,,86,86,printed,,0,0,0,0,
hkcc-ch,Balcony,樓座,H,3,,,87,87,printed,,0,0,0,0,
hkcc-ch,Balcony,樓座,H,4,,,129,129,printed,,0,0,0,0,
hkcc-ch,Balcony,樓座,H,4,,,130,130,printed,,0,0,0,0,
hkcc-ch,Balcony,樓座,H,4,,,131,131,printed,,0,0,0,0,
hkcc-ch,Balcony,樓座,H,4,,,132,132,printed,,0,0,0,0,
hkcc-ch,Balcony,樓座,H,4,,,133,133,printed,,0,0,0,0,
hkcc-ch,Balcony,樓座,H,4,,,134,134,printed,,0,0,0,0,
hkcc-ch,Balcony,樓座,H,4,,,135,135,printed,,0,0,0,0,
hkcc-ch,Balcony,樓座,H,4,,,136,136,printed,,0,0,0,0,
hkcc-ch,Balcony,樓座,H,4,,,137,137,printed,,0,0,0,0,
hkcc-ch,Balcony,樓座,H,4,,,138,138,printed,,0,0,0,0,
hkcc-ch,Balcony,樓座,H,4,,,139,139,printed,,0,0,0,0,
hkcc-ch,Balcony,樓座,H,4,,,140,140,printed,,0,0,0,0,
hkcc-ch,Balcony,樓座,H,5,,,142,142,printed,,0,0,0,0,
hkcc-ch,Balcony,樓座,H,5,,,143,143,printed,,0,0,0,0,
hkcc-ch,Balcony,樓座,H,5,,,144,144,printed,,0,0,0,0,
hkcc-ch,Balcony,樓座,H,5,,,145,145,printed,,0,0,0,0,
hkcc-ch,Balcony,樓座,H,5,,,146,146,printed,,0,0,0,0,
hkcc-ch,Balcony,樓座,H,5,,,147,147,printed,,0,0,0,0,
hkcc-ch,Balcony,樓座,H,5,,,148,148,printed,,0,0,0,0,
hkcc-ch,Balcony,樓座,H,5,,,149,149,printed,,0,0,0,0,
hkcc-ch,Balcony,樓座,H,5,,,150,150,printed,,0,0,0,0,
hkcc-ch,Balcony,樓座,H,5,,,151,151,printed,,0,0,0,0,
hkcc-ch,Balcony,樓座,H,5,,,152,152,printed,,0,0,0,0,
hkcc-ch,Balcony,樓座,H,5,,,153,153,printed,,0,0,0,0,
hkcc-ch,Balcony,樓座,I,1,,,54,54,printed,,0,0,0,0,
hkcc-ch,Balcony,樓座,I,1,,,55,55,printed,,0,0,0,0,
hkcc-ch,Balcony,樓座,I,1,,,56,56,printed,,0,0,0,0,
hkcc-ch,Balcony,樓座,I,1,,,57,57,printed,,0,0,0,0,
hkcc-ch,Balcony,樓座,I,1,,,58,58,printed,,0,0,0,0,
hkcc-ch,Balcony,樓座,I,1,,,59,59,printed,,0,0,0,0,
hkcc-ch,Balcony,樓座,I,1,,,60,60,printed,,0,0,0,0,
hkcc-ch,Balcony,樓座,I,1,,,61,61,printed,,0,0,0,0,
hkcc-ch,Balcony,樓座,I,1,,,62,62,printed,,0,0,0,0,
hkcc-ch,Balcony,樓座,I,1,,,63,63,printed,,0,0,0,0,
hkcc-ch,Balcony,樓座,I,1,,,64,64,printed,,0,0,0,0,
hkcc-ch,Balcony,樓座,I,1,,,65,65,printed,,0,0,0,0,
hkcc-ch,Balcony,樓座,I,1,,,66,66,printed,,0,0,0,0,
hkcc-ch,Balcony,樓座,I,2,,,67,67,printed,,0,0,0,0,
hkcc-ch,Balcony,樓座,I,2,,,68,68,printed,,0,0,0,0,
hkcc-ch,Balcony,樓座,I,2,,,69,69,printed,,0,0,0,0,
hkcc-ch,Balcony,樓座,I,2,,,70,70,printed,,0,0,0,0,
hkcc-ch,Balcony,樓座,I,2,,,71,71,printed,,0,0,0,0,
hkcc-ch,Balcony,樓座,I,2,,,72,72,printed,,0,0,0,0,
hkcc-ch,Balcony,樓座,I,2,,,73,73,printed,,0,0,0,0,
hkcc-ch,Balcony,樓座,I,2,,,74,74,printed,,0,0,0,0,
hkcc-ch,Balcony,樓座,I,2,,,75,75,printed,,0,0,0,0,
hkcc-ch,Balcony,樓座,I,2,,,76,76,printed,,0,0,0,0,
hkcc-ch,Balcony,樓座,I,2,,,77,77,printed,,0,0,0,0,
hkcc-ch,Balcony,樓座,I,2,,,78,78,printed,,0,0,0,0,
hkcc-ch,Balcony,樓座,I,3,,,80,80,printed,,0,0,0,0,
hkcc-ch,Balcony,樓座,I,3,,,81,81,printed,,0,0,0,0,
hkcc-ch,Balcony,樓座,I,3,,,82,82,printed,,0,0,0,0,
hkcc-ch,Balcony,樓座,I,3,,,83,83,printed,,0,0,0,0,
hkcc-ch,Balcony,樓座,I,3,,,84,84,printed,,0,0,0,0,
hkcc-ch,Balcony,樓座,I,3,,,85,85,printed,,0,0,0,0,
hkcc-ch,Balcony,樓座,I,3,,,86,86,printed,,0,0,0,0,
hkcc-ch,Balcony,樓座,I,3,,,87,87,printed,,0,0,0,0,
hkcc-ch,Balcony,樓座,I,3,,,88,88,printed,,0,0,0,0,
hkcc-ch,Balcony,樓座,I,4,,,92,92,printed,,0,0,0,0,
hkcc-ch,Balcony,樓座,I,4,,,93,93,printed,,0,0,0,0,
hkcc-ch,Balcony,樓座,I,4,,,94,94,printed,,0,0,0,0,
hkcc-ch,Balcony,樓座,I,4,,,95,95,printed,,0,0,0,0,
hkcc-ch,Balcony,樓座,I,4,,,96,96,printed,,0,0,0,0,
hkcc-ch,Balcony,樓座,I,4,,,97,97,printed,,0,0,0,0,
hkcc-ch,Balcony,樓座,I,4,,,98,98,printed,,0,0,0,0,
hkcc-ch,Balcony,樓座,I,4,,,99,99,printed,,0,0,0,0,
hkcc-ch,Balcony,樓座,I,4,,,100,100,printed,,0,0,0,0,
hkcc-ch,Balcony,樓座,I,4,,,101,101,printed,,0,0,0,0,
hkcc-ch,Balcony,樓座,I,4,,,102,102,printed,,0,0,0,0,
hkcc-ch,Balcony,樓座,I,4,,,103,103,printed,,0,0,0,0,
hkcc-ch,Balcony,樓座,I,4,,,104,104,printed,,0,0,0,0,
hkcc-ch,Balcony,樓座,I,4,,,105,105,printed,,0,0,0,0,
hkcc-ch,Balcony,樓座,I,5,,,113,113,printed,,0,0,0,0,
hkcc-ch,Balcony,樓座,I,5,,,114,114,printed,,0,0,0,0,
hkcc-ch,Balcony,樓座,I,5,,,115,115,printed,,0,0,0,0,
hkcc-ch,Balcony,樓座,I,5,,,116,116,printed,,0,0,0,0,
hkcc-ch,Balcony,樓座,I,5,,,117,117,printed,,0,0,0,0,
hkcc-ch,Balcony,樓座,I,5,,,118,118,printed,,0,0,0,0,
hkcc-ch,Balcony,樓座,I,5,,,119,119,printed,,0,0,0,0,
hkcc-ch,Balcony,樓座,I,5,,,120,120,printed,,0,0,0,0,
hkcc-ch,Balcony,樓座,I,5,,,121,121,printed,,0,0,0,0,
hkcc-ch,Balcony,樓座,I,6,,,142,142,printed,,0,0,0,0,
hkcc-ch,Balcony,樓座,I,6,,,143,143,printed,,0,0,0,0,
hkcc-ch,Balcony,樓座,I,6,,,144,144,printed,,0,0,0,0,
hkcc-ch,Balcony,樓座,I,6,,,145,145,printed,,0,0,0,0,
hkcc-ch,Balcony,樓座,I,6,,,146,146,printed,,0,0,0,0,
hkcc-ch,Balcony,樓座,I,6,,,147,147,printed,,0,0,0,0,
hkcc-ch,Balcony,樓座,I,6,,,148,148,printed,,0,0,0,0,
hkcc-ch,Balcony,樓座,I,6,,,149,149,printed,,0,0,0,0,
hkcc-ch,Balcony,樓座,I,6,,,150,150,printed,,0,0,0,0,
hkcc-ch,Balcony,樓座,I,6,,,151,151,printed,,0,0,0,0,
hkcc-ch,Balcony,樓座,I,6,,,152,152,printed,,0,0,0,0,
hkcc-ch,Balcony,樓座,I,6,,,153,153,printed,,0,0,0,0,
hkcc-ch,Balcony,樓座,J,1,,,67,67,printed,,0,0,0,0,
hkcc-ch,Balcony,樓座,J,1,,,68,68,printed,,0,0,0,0,
hkcc-ch,Balcony,樓座,J,1,,,69,69,printed,,0,0,0,0,
hkcc-ch,Balcony,樓座,J,1,,,70,70,printed,,0,0,0,0,
hkcc-ch,Balcony,樓座,J,1,,,71,71,printed,,0,0,0,0,
hkcc-ch,Balcony,樓座,J,1,,,72,72,printed,,0,0,0,0,
hkcc-ch,Balcony,樓座,J,1,,,73,73,printed,,0,0,0,0,
hkcc-ch,Balcony,樓座,J,1,,,74,74,printed,,0,0,0,0,
hkcc-ch,Balcony,樓座,J,1,,,75,75,printed,,0,0,0,0,
hkcc-ch,Balcony,樓座,J,1,,,76,76,printed,,0,0,0,0,
hkcc-ch,Balcony,樓座,J,1,,,77,77,printed,,0,0,0,0,
hkcc-ch,Balcony,樓座,J,1,,,78,78,printed,,0,0,0,0,
hkcc-ch,Balcony,樓座,J,1,,,79,79,printed,,0,0,0,0,
hkcc-ch,Balcony,樓座,J,2,,,80,80,printed,,0,0,0,0,
hkcc-ch,Balcony,樓座,J,2,,,81,81,printed,,0,0,0,0,
hkcc-ch,Balcony,樓座,J,2,,,82,82,printed,,0,0,0,0,
hkcc-ch,Balcony,樓座,J,2,,,83,83,printed,,0,0,0,0,
hkcc-ch,Balcony,樓座,J,2,,,84,84,printed,,0,0,0,0,
hkcc-ch,Balcony,樓座,J,2,,,85,85,printed,,0,0,0,0,
hkcc-ch,Balcony,樓座,J,2,,,86,86,printed,,0,0,0,0,
hkcc-ch,Balcony,樓座,J,2,,,87,87,printed,,0,0,0,0,
hkcc-ch,Balcony,樓座,J,2,,,88,88,printed,,0,0,0,0,
hkcc-ch,Balcony,樓座,J,2,,,89,89,printed,,0,0,0,0,
hkcc-ch,Balcony,樓座,J,3,,,92,92,printed,,0,0,0,0,
hkcc-ch,Balcony,樓座,J,3,,,93,93,printed,,0,0,0,0,
hkcc-ch,Balcony,樓座,J,3,,,94,94,printed,,0,0,0,0,
hkcc-ch,Balcony,樓座,J,3,,,95,95,printed,,0,0,0,0,
hkcc-ch,Balcony,樓座,J,3,,,96,96,printed,,0,0,0,0,
hkcc-ch,Balcony,樓座,J,3,,,97,97,printed,,0,0,0,0,
hkcc-ch,Balcony,樓座,J,3,,,98,98,printed,,0,0,0,0,
hkcc-ch,Balcony,樓座,J,3,,,99,99,printed,,0,0,0,0,
hkcc-ch,Balcony,樓座,J,3,,,100,100,printed,,0,0,0,0,
hkcc-ch,Balcony,樓座,J,3,,,101,101,printed,,0,0,0,0,
hkcc-ch,Balcony,樓座,J,3,,,102,102,printed,,0,0,0,0,
hkcc-ch,Balcony,樓座,J,3,,,103,103,printed,,0,0,0,0,
hkcc-ch,Balcony,樓座,J,3,,,104,104,printed,,0,0,0,0,
hkcc-ch,Balcony,樓座,J,3,,,105,105,printed,,0,0,0,0,
hkcc-ch,Balcony,樓座,J,3,,,106,106,printed,,0,0,0,0,
hkcc-ch,Balcony,樓座,J,4,,,113,113,printed,,0,0,0,0,
hkcc-ch,Balcony,樓座,J,4,,,114,114,printed,,0,0,0,0,
hkcc-ch,Balcony,樓座,J,4,,,115,115,printed,,0,0,0,0,
hkcc-ch,Balcony,樓座,J,4,,,116,116,printed,,0,0,0,0,
hkcc-ch,Balcony,樓座,J,4,,,117,117,printed,,0,0,0,0,
hkcc-ch,Balcony,樓座,J,4,,,118,118,printed,,0,0,0,0,
hkcc-ch,Balcony,樓座,J,4,,,119,119,printed,,0,0,0,0,
hkcc-ch,Balcony,樓座,J,4,,,120,120,printed,,0,0,0,0,
hkcc-ch,Balcony,樓座,J,4,,,121,121,printed,,0,0,0,0,
hkcc-ch,Balcony,樓座,J,4,,,122,122,printed,,0,0,0,0,
hkcc-ch,Balcony,樓座,K,1,,,67,67,printed,,0,0,0,0,
hkcc-ch,Balcony,樓座,K,1,,,68,68,printed,,0,0,0,0,
hkcc-ch,Balcony,樓座,K,1,,,69,69,printed,,0,0,0,0,
hkcc-ch,Balcony,樓座,K,1,,,70,70,printed,,0,0,0,0,
hkcc-ch,Balcony,樓座,K,1,,,71,71,printed,,0,0,0,0,
hkcc-ch,Balcony,樓座,K,1,,,72,72,printed,,0,0,0,0,
hkcc-ch,Balcony,樓座,K,1,,,73,73,printed,,0,0,0,0,
hkcc-ch,Balcony,樓座,K,1,,,74,74,printed,,0,0,0,0,
hkcc-ch,Balcony,樓座,K,1,,,75,75,printed,,0,0,0,0,
hkcc-ch,Balcony,樓座,K,1,,,76,76,printed,,0,0,0,0,
hkcc-ch,Balcony,樓座,K,1,,,77,77,printed,,0,0,0,0,
hkcc-ch,Balcony,樓座,K,1,,,78,78,printed,,0,0,0,0,
hkcc-ch,Balcony,樓座,K,1,,,79,79,printed,,0,0,0,0,
hkcc-ch,Balcony,樓座,K,1,,,X1,,none,X,0,1,0,0,
hkcc-ch,Balcony,樓座,K,2,,,80,80,printed,,0,0,0,0,
hkcc-ch,Balcony,樓座,K,2,,,81,81,printed,,0,0,0,0,
hkcc-ch,Balcony,樓座,K,2,,,82,82,printed,,0,0,0,0,
hkcc-ch,Balcony,樓座,K,2,,,83,83,printed,,0,0,0,0,
hkcc-ch,Balcony,樓座,K,2,,,84,84,printed,,0,0,0,0,
hkcc-ch,Balcony,樓座,K,2,,,85,85,printed,,0,0,0,0,
hkcc-ch,Balcony,樓座,K,2,,,86,86,printed,,0,0,0,0,
hkcc-ch,Balcony,樓座,K,2,,,87,87,printed,,0,0,0,0,
hkcc-ch,Balcony,樓座,K,2,,,88,88,printed,,0,0,0,0,
hkcc-ch,Balcony,樓座,K,2,,,89,89,printed,,0,0,0,0,
hkcc-ch,Balcony,樓座,K,2,,,90,90,printed,,0,0,0,0,
hkcc-ch,Balcony,樓座,K,3,,,92,92,printed,,0,0,0,0,
hkcc-ch,Balcony,樓座,K,3,,,93,93,printed,,0,0,0,0,
hkcc-ch,Balcony,樓座,K,3,,,94,94,printed,,0,0,0,0,
hkcc-ch,Balcony,樓座,K,3,,,95,95,printed,,0,0,0,0,
hkcc-ch,Balcony,樓座,K,3,,,96,96,printed,,0,0,0,0,
hkcc-ch,Balcony,樓座,K,3,,,97,97,printed,,0,0,0,0,
hkcc-ch,Balcony,樓座,K,3,,,98,98,printed,,0,0,0,0,
hkcc-ch,Balcony,樓座,K,3,,,99,99,printed,,0,0,0,0,
hkcc-ch,Balcony,樓座,K,3,,,100,100,printed,,0,0,0,0,
hkcc-ch,Balcony,樓座,K,3,,,101,101,printed,,0,0,0,0,
hkcc-ch,Balcony,樓座,K,3,,,102,102,printed,,0,0,0,0,
hkcc-ch,Balcony,樓座,K,3,,,103,103,printed,,0,0,0,0,
hkcc-ch,Balcony,樓座,K,3,,,104,104,printed,,0,0,0,0,
hkcc-ch,Balcony,樓座,K,3,,,105,105,printed,,0,0,0,0,
hkcc-ch,Balcony,樓座,K,3,,,106,106,printed,,0,0,0,0,
hkcc-ch,Balcony,樓座,K,3,,,107,107,printed,,0,0,0,0,
hkcc-ch,Balcony,樓座,K,4,,,113,113,printed,,0,0,0,0,
hkcc-ch,Balcony,樓座,K,4,,,114,114,printed,,0,0,0,0,
hkcc-ch,Balcony,樓座,K,4,,,115,115,printed,,0,0,0,0,
hkcc-ch,Balcony,樓座,K,4,,,116,116,printed,,0,0,0,0,
hkcc-ch,Balcony,樓座,K,4,,,117,117,printed,,0,0,0,0,
hkcc-ch,Balcony,樓座,K,4,,,118,118,printed,,0,0,0,0,
hkcc-ch,Balcony,樓座,K,4,,,119,119,printed,,0,0,0,0,
hkcc-ch,Balcony,樓座,K,4,,,120,120,printed,,0,0,0,0,
hkcc-ch,Balcony,樓座,K,4,,,121,121,printed,,0,0,0,0,
hkcc-ch,Balcony,樓座,K,4,,,122,122,printed,,0,0,0,0,
hkcc-ch,Balcony,樓座,K,4,,,123,123,printed,,0,0,0,0,
hkcc-ch,Balcony,樓座,L,1,,,80,80,printed,,0,0,0,0,
hkcc-ch,Balcony,樓座,L,1,,,81,81,printed,,0,0,0,0,
hkcc-ch,Balcony,樓座,L,1,,,82,82,printed,,0,0,0,0,
hkcc-ch,Balcony,樓座,L,1,,,83,83,printed,,0,0,0,0,
hkcc-ch,Balcony,樓座,L,1,,,84,84,printed,,0,0,0,0,
hkcc-ch,Balcony,樓座,L,1,,,85,85,printed,,0,0,0,0,
hkcc-ch,Balcony,樓座,L,1,,,86,86,printed,,0,0,0,0,
hkcc-ch,Balcony,樓座,L,1,,,87,87,printed,,0,0,0,0,
hkcc-ch,Balcony,樓座,L,1,,,88,88,printed,,0,0,0,0,
hkcc-ch,Balcony,樓座,L,1,,,89,89,printed,,0,0,0,0,
hkcc-ch,Balcony,樓座,L,1,,,90,90,printed,,0,0,0,0,
hkcc-ch,Balcony,樓座,L,1,,,91,91,printed,,0,0,0,0,
hkcc-ch,Balcony,樓座,L,2,,,92,92,printed,,0,0,0,0,
hkcc-ch,Balcony,樓座,L,2,,,93,93,printed,,0,0,0,0,
hkcc-ch,Balcony,樓座,L,2,,,94,94,printed,,0,0,0,0,
hkcc-ch,Balcony,樓座,L,2,,,95,95,printed,,0,0,0,0,
hkcc-ch,Balcony,樓座,L,2,,,96,96,printed,,0,0,0,0,
hkcc-ch,Balcony,樓座,L,2,,,97,97,printed,,0,0,0,0,
hkcc-ch,Balcony,樓座,L,2,,,98,98,printed,,0,0,0,0,
hkcc-ch,Balcony,樓座,L,2,,,99,99,printed,,0,0,0,0,
hkcc-ch,Balcony,樓座,L,2,,,100,100,printed,,0,0,0,0,
hkcc-ch,Balcony,樓座,L,2,,,101,101,printed,,0,0,0,0,
hkcc-ch,Balcony,樓座,L,2,,,102,102,printed,,0,0,0,0,
hkcc-ch,Balcony,樓座,L,2,,,103,103,printed,,0,0,0,0,
hkcc-ch,Balcony,樓座,L,2,,,104,104,printed,,0,0,0,0,
hkcc-ch,Balcony,樓座,L,2,,,105,105,printed,,0,0,0,0,
hkcc-ch,Balcony,樓座,L,2,,,106,106,printed,,0,0,0,0,
hkcc-ch,Balcony,樓座,L,2,,,107,107,printed,,0,0,0,0,
hkcc-ch,Balcony,樓座,L,2,,,108,108,printed,,0,0,0,0,
hkcc-ch,Balcony,樓座,L,3,,,113,113,printed,,0,0,0,0,
hkcc-ch,Balcony,樓座,L,3,,,114,114,printed,,0,0,0,0,
hkcc-ch,Balcony,樓座,L,3,,,115,115,printed,,0,0,0,0,
hkcc-ch,Balcony,樓座,L,3,,,116,116,printed,,0,0,0,0,
hkcc-ch,Balcony,樓座,L,3,,,117,117,printed,,0,0,0,0,
hkcc-ch,Balcony,樓座,L,3,,,118,118,printed,,0,0,0,0,
hkcc-ch,Balcony,樓座,L,3,,,119,119,printed,,0,0,0,0,
hkcc-ch,Balcony,樓座,L,3,,,120,120,printed,,0,0,0,0,
hkcc-ch,Balcony,樓座,L,3,,,121,121,printed,,0,0,0,0,
hkcc-ch,Balcony,樓座,L,3,,,122,122,printed,,0,0,0,0,
hkcc-ch,Balcony,樓座,L,3,,,123,123,printed,,0,0,0,0,
hkcc-ch,Balcony,樓座,L,3,,,124,124,printed,,0,0,0,0,
hkcc-ch,Balcony,樓座,M,1,,,80,80,printed,,0,0,0,0,
hkcc-ch,Balcony,樓座,M,1,,,81,81,printed,,0,0,0,0,
hkcc-ch,Balcony,樓座,M,1,,,82,82,printed,,0,0,0,0,
hkcc-ch,Balcony,樓座,M,1,,,83,83,printed,,0,0,0,0,
hkcc-ch,Balcony,樓座,M,1,,,84,84,printed,,0,0,0,0,
hkcc-ch,Balcony,樓座,M,1,,,85,85,printed,,0,0,0,0,
hkcc-ch,Balcony,樓座,M,1,,,86,86,printed,,0,0,0,0,
hkcc-ch,Balcony,樓座,M,1,,,87,87,printed,,0,0,0,0,
hkcc-ch,Balcony,樓座,M,1,,,88,88,printed,,0,0,0,0,
hkcc-ch,Balcony,樓座,M,1,,,89,89,printed,,0,0,0,0,
hkcc-ch,Balcony,樓座,M,1,,,90,90,printed,,0,0,0,0,
hkcc-ch,Balcony,樓座,M,1,,,91,91,printed,,0,0,0,0,
hkcc-ch,Balcony,樓座,M,1,,,X1,,none,X,0,1,0,0,
hkcc-ch,Balcony,樓座,M,2,,,92,92,printed,,0,0,0,0,
hkcc-ch,Balcony,樓座,M,2,,,93,93,printed,,0,0,0,0,
hkcc-ch,Balcony,樓座,M,2,,,94,94,printed,,0,0,0,0,
hkcc-ch,Balcony,樓座,M,2,,,95,95,printed,,0,0,0,0,
hkcc-ch,Balcony,樓座,M,2,,,96,96,printed,,0,0,0,0,
hkcc-ch,Balcony,樓座,M,2,,,97,97,printed,,0,0,0,0,
hkcc-ch,Balcony,樓座,M,2,,,98,98,printed,,0,0,0,0,
hkcc-ch,Balcony,樓座,M,2,,,99,99,printed,,0,0,0,0,
hkcc-ch,Balcony,樓座,M,2,,,100,100,printed,,0,0,0,0,
hkcc-ch,Balcony,樓座,M,2,,,101,101,printed,,0,0,0,0,
hkcc-ch,Balcony,樓座,M,2,,,102,102,printed,,0,0,0,0,
hkcc-ch,Balcony,樓座,M,2,,,103,103,printed,,0,0,0,0,
hkcc-ch,Balcony,樓座,M,2,,,104,104,printed,,0,0,0,0,
hkcc-ch,Balcony,樓座,M,2,,,105,105,printed,,0,0,0,0,
hkcc-ch,Balcony,樓座,M,2,,,106,106,printed,,0,0,0,0,
hkcc-ch,Balcony,樓座,M,2,,,107,107,printed,,0,0,0,0,
hkcc-ch,Balcony,樓座,M,2,,,108,108,printed,,0,0,0,0,
hkcc-ch,Balcony,樓座,M,3,,,113,113,printed,,0,0,0,0,
hkcc-ch,Balcony,樓座,M,3,,,114,114,printed,,0,0,0,0,
hkcc-ch,Balcony,樓座,M,3,,,115,115,printed,,0,0,0,0,
hkcc-ch,Balcony,樓座,M,3,,,116,116,printed,,0,0,0,0,
hkcc-ch,Balcony,樓座,M,3,,,117,117,printed,,0,0,0,0,
hkcc-ch,Balcony,樓座,M,3,,,118,118,printed,,0,0,0,0,
hkcc-ch,Balcony,樓座,M,3,,,119,119,printed,,0,0,0,0,
hkcc-ch,Balcony,樓座,M,3,,,120,120,printed,,0,0,0,0,
hkcc-ch,Balcony,樓座,M,3,,,121,121,printed,,0,0,0,0,
hkcc-ch,Balcony,樓座,M,3,,,122,122,printed,,0,0,0,0,
hkcc-ch,Balcony,樓座,M,3,,,123,123,printed,,0,0,0,0,
hkcc-ch,Balcony,樓座,M,3,,,124,124,printed,,0,0,0,0,
hkcc-ch,Balcony,樓座,M,3,,,125,125,printed,,0,0,0,0,
hkcc-ch,Balcony,樓座,N,1,,,92,92,printed,,0,0,0,0,
hkcc-ch,Balcony,樓座,N,1,,,93,93,printed,,0,0,0,0,
hkcc-ch,Balcony,樓座,N,1,,,94,94,printed,,0,0,0,0,
hkcc-ch,Balcony,樓座,N,1,,,95,95,printed,,0,0,0,0,
hkcc-ch,Balcony,樓座,N,1,,,96,96,printed,,0,0,0,0,
hkcc-ch,Balcony,樓座,N,1,,,97,97,printed,,0,0,0,0,
hkcc-ch,Balcony,樓座,N,1,,,98,98,printed,,0,0,0,0,
hkcc-ch,Balcony,樓座,N,1,,,99,99,printed,,0,0,0,0,
hkcc-ch,Balcony,樓座,N,1,,,100,100,printed,,0,0,0,0,
hkcc-ch,Balcony,樓座,N,1,,,101,101,printed,,0,0,0,0,
hkcc-ch,Balcony,樓座,N,1,,,102,102,printed,,0,0,0,0,
hkcc-ch,Balcony,樓座,N,1,,,103,103,printed,,0,0,0,0,
hkcc-ch,Balcony,樓座,N,1,,,104,104,printed,,0,0,0,0,
hkcc-ch,Balcony,樓座,N,1,,,105,105,printed,,0,0,0,0,
hkcc-ch,Balcony,樓座,N,1,,,106,106,printed,,0,0,0,0,
hkcc-ch,Balcony,樓座,N,1,,,107,107,printed,,0,0,0,0,
hkcc-ch,Balcony,樓座,N,1,,,108,108,printed,,0,0,0,0,
hkcc-ch,Balcony,樓座,N,1,,,109,109,printed,,0,0,0,0,
hkcc-ch,Balcony,樓座,N,2,,,113,113,printed,,0,0,0,0,
hkcc-ch,Balcony,樓座,N,2,,,114,114,printed,,0,0,0,0,
hkcc-ch,Balcony,樓座,N,2,,,115,115,printed,,0,0,0,0,
hkcc-ch,Balcony,樓座,N,2,,,116,116,printed,,0,0,0,0,
hkcc-ch,Balcony,樓座,N,2,,,117,117,printed,,0,0,0,0,
hkcc-ch,Balcony,樓座,N,2,,,118,118,printed,,0,0,0,0,
hkcc-ch,Balcony,樓座,N,2,,,119,119,printed,,0,0,0,0,
hkcc-ch,Balcony,樓座,N,2,,,120,120,printed,,0,0,0,0,
hkcc-ch,Balcony,樓座,N,2,,,121,121,printed,,0,0,0,0,
hkcc-ch,Balcony,樓座,N,2,,,122,122,printed,,0,0,0,0,
hkcc-ch,Balcony,樓座,N,2,,,123,123,printed,,0,0,0,0,
hkcc-ch,Balcony,樓座,N,2,,,124,124,printed,,0,0,0,0,
hkcc-ch,Balcony,樓座,N,2,,,125,125,printed,,0,0,0,0,
hkcc-ch,Balcony,樓座,O,1,,,92,92,printed,,0,0,0,0,
hkcc-ch,Balcony,樓座,O,1,,,93,93,printed,,0,0,0,0,
hkcc-ch,Balcony,樓座,O,1,,,94,94,printed,,0,0,0,0,
hkcc-ch,Balcony,樓座,O,1,,,95,95,printed,,0,0,0,0,
hkcc-ch,Balcony,樓座,O,1,,,96,96,printed,,0,0,0,0,
hkcc-ch,Balcony,樓座,O,1,,,97,97,printed,,0,0,0,0,
hkcc-ch,Balcony,樓座,O,1,,,98,98,printed,,0,0,0,0,
hkcc-ch,Balcony,樓座,O,1,,,99,99,printed,,0,0,0,0,
hkcc-ch,Balcony,樓座,O,1,,,100,100,printed,,0,0,0,0,
hkcc-ch,Balcony,樓座,O,1,,,101,101,printed,,0,0,0,0,
hkcc-ch,Balcony,樓座,O,1,,,102,102,printed,,0,0,0,0,
hkcc-ch,Balcony,樓座,O,1,,,103,103,printed,,0,0,0,0,
hkcc-ch,Balcony,樓座,O,1,,,104,104,printed,,0,0,0,0,
hkcc-ch,Balcony,樓座,O,1,,,105,105,printed,,0,0,0,0,
hkcc-ch,Balcony,樓座,O,1,,,106,106,printed,,0,0,0,0,
hkcc-ch,Balcony,樓座,O,1,,,107,107,printed,,0,0,0,0,
hkcc-ch,Balcony,樓座,O,1,,,108,108,printed,,0,0,0,0,
hkcc-ch,Balcony,樓座,O,1,,,109,109,printed,,0,0,0,0,
hkcc-ch,Balcony,樓座,O,1,,,110,110,printed,,0,0,0,0,
hkcc-ch,Balcony,樓座,O,2,,,113,113,printed,,0,0,0,0,
hkcc-ch,Balcony,樓座,O,2,,,114,114,printed,,0,0,0,0,
hkcc-ch,Balcony,樓座,O,2,,,115,115,printed,,0,0,0,0,
hkcc-ch,Balcony,樓座,O,2,,,116,116,printed,,0,0,0,0,
hkcc-ch,Balcony,樓座,O,2,,,117,117,printed,,0,0,0,0,
hkcc-ch,Balcony,樓座,O,2,,,118,118,printed,,0,0,0,0,
hkcc-ch,Balcony,樓座,O,2,,,119,119,printed,,0,0,0,0,
hkcc-ch,Balcony,樓座,O,2,,,120,120,printed,,0,0,0,0,
hkcc-ch,Balcony,樓座,O,2,,,121,121,printed,,0,0,0,0,
hkcc-ch,Balcony,樓座,O,2,,,122,122,printed,,0,0,0,0,
hkcc-ch,Balcony,樓座,O,2,,,123,123,printed,,0,0,0,0,
hkcc-ch,Balcony,樓座,O,2,,,124,124,printed,,0,0,0,0,
hkcc-ch,Balcony,樓座,O,2,,,125,125,printed,,0,0,0,0,
hkcc-ch,Balcony,樓座,O,2,,,126,126,printed,,0,0,0,0,
hkcc-ch,Balcony,樓座,P,1,,,92,92,printed,,0,0,0,0,
hkcc-ch,Balcony,樓座,P,1,,,93,93,printed,,0,0,0,0,
hkcc-ch,Balcony,樓座,P,1,,,94,94,printed,,0,0,0,0,
hkcc-ch,Balcony,樓座,P,1,,,95,95,printed,,0,0,0,0,
hkcc-ch,Balcony,樓座,P,1,,,96,96,printed,,0,0,0,0,
hkcc-ch,Balcony,樓座,P,1,,,97,97,printed,,0,0,0,0,
hkcc-ch,Balcony,樓座,P,1,,,98,98,printed,,0,0,0,0,
hkcc-ch,Balcony,樓座,P,1,,,99,99,printed,,0,0,0,0,
hkcc-ch,Balcony,樓座,P,1,,,100,100,printed,,0,0,0,0,
hkcc-ch,Balcony,樓座,P,1,,,101,101,printed,,0,0,0,0,
hkcc-ch,Balcony,樓座,P,1,,,102,102,printed,,0,0,0,0,
hkcc-ch,Balcony,樓座,P,1,,,103,103,printed,,0,0,0,0,
hkcc-ch,Balcony,樓座,P,1,,,104,104,printed,,0,0,0,0,
hkcc-ch,Balcony,樓座,P,1,,,105,105,printed,,0,0,0,0,
hkcc-ch,Balcony,樓座,P,1,,,106,106,printed,,0,0,0,0,
hkcc-ch,Balcony,樓座,P,1,,,107,107,printed,,0,0,0,0,
hkcc-ch,Balcony,樓座,P,1,,,108,108,printed,,0,0,0,0,
hkcc-ch,Balcony,樓座,P,1,,,109,109,printed,,0,0,0,0,
hkcc-ch,Balcony,樓座,P,1,,,110,110,printed,,0,0,0,0,
hkcc-ch,Balcony,樓座,P,1,,,111,111,printed,,0,0,0,0,
hkcc-ch,Balcony,樓座,P,2,,,113,113,printed,,0,0,0,0,
hkcc-ch,Balcony,樓座,P,2,,,114,114,printed,,0,0,0,0,
hkcc-ch,Balcony,樓座,P,2,,,115,115,printed,,0,0,0,0,
hkcc-ch,Balcony,樓座,P,2,,,116,116,printed,,0,0,0,0,
hkcc-ch,Balcony,樓座,P,2,,,117,117,printed,,0,0,0,0,
hkcc-ch,Balcony,樓座,P,2,,,118,118,printed,,0,0,0,0,
hkcc-ch,Balcony,樓座,P,2,,,119,119,printed,,0,0,0,0,
hkcc-ch,Balcony,樓座,P,2,,,120,120,printed,,0,0,0,0,
hkcc-ch,Balcony,樓座,P,2,,,121,121,printed,,0,0,0,0,
hkcc-ch,Balcony,樓座,P,2,,,122,122,printed,,0,0,0,0,
hkcc-ch,Balcony,樓座,P,2,,,123,123,printed,,0,0,0,0,
hkcc-ch,Balcony,樓座,P,2,,,124,124,printed,,0,0,0,0,
hkcc-ch,Balcony,樓座,P,2,,,125,125,printed,,0,0,0,0,
hkcc-ch,Balcony,樓座,P,2,,,126,126,printed,,0,0,0,0,
hkcc-ch,Balcony,樓座,P,2,,,127,127,printed,,0,0,0,0,
hkcc-ch,Balcony,樓座,Q,1,,,92,92,printed,,0,0,0,0,
hkcc-ch,Balcony,樓座,Q,1,,,93,93,printed,,0,0,0,0,
hkcc-ch,Balcony,樓座,Q,1,,,94,94,printed,,0,0,0,0,
hkcc-ch,Balcony,樓座,Q,1,,,95,95,printed,,0,0,0,0,
hkcc-ch,Balcony,樓座,Q,1,,,96,96,printed,,0,0,0,0,
hkcc-ch,Balcony,樓座,Q,1,,,97,97,printed,,0,0,0,0,
hkcc-ch,Balcony,樓座,Q,1,,,98,98,printed,,0,0,0,0,
hkcc-ch,Balcony,樓座,Q,1,,,99,99,printed,,0,0,0,0,
hkcc-ch,Balcony,樓座,Q,1,,,100,100,printed,,0,0,0,0,
hkcc-ch,Balcony,樓座,Q,1,,,101,101,printed,,0,0,0,0,
hkcc-ch,Balcony,樓座,Q,1,,,102,102,printed,,0,0,0,0,
hkcc-ch,Balcony,樓座,Q,1,,,103,103,printed,,0,0,0,0,
hkcc-ch,Balcony,樓座,Q,1,,,104,104,printed,,0,0,0,0,
hkcc-ch,Balcony,樓座,Q,1,,,105,105,printed,,0,0,0,0,
hkcc-ch,Balcony,樓座,Q,1,,,106,106,printed,,0,0,0,0,
hkcc-ch,Balcony,樓座,Q,1,,,107,107,printed,,0,0,0,0,
hkcc-ch,Balcony,樓座,Q,1,,,108,108,printed,,0,0,0,0,
hkcc-ch,Balcony,樓座,Q,1,,,109,109,printed,,0,0,0,0,
hkcc-ch,Balcony,樓座,Q,1,,,110,110,printed,,0,0,0,0,
hkcc-ch,Balcony,樓座,Q,1,,,111,111,printed,,0,0,0,0,
hkcc-ch,Balcony,樓座,Q,1,,,112,112,printed,,0,0,0,0,
hkcc-ch,Balcony,樓座,Q,2,,,113,113,printed,,0,0,0,0,
hkcc-ch,Balcony,樓座,Q,2,,,114,114,printed,,0,0,0,0,
hkcc-ch,Balcony,樓座,Q,2,,,115,115,printed,,0,0,0,0,
hkcc-ch,Balcony,樓座,Q,2,,,116,116,printed,,0,0,0,0,
hkcc-ch,Balcony,樓座,Q,2,,,117,117,printed,,0,0,0,0,
hkcc-ch,Balcony,樓座,Q,2,,,118,118,printed,,0,0,0,0,
hkcc-ch,Balcony,樓座,Q,2,,,119,119,printed,,0,0,0,0,
hkcc-ch,Balcony,樓座,Q,2,,,120,120,printed,,0,0,0,0,
hkcc-ch,Balcony,樓座,Q,2,,,121,121,printed,,0,0,0,0,
hkcc-ch,Balcony,樓座,Q,2,,,122,122,printed,,0,0,0,0,
hkcc-ch,Balcony,樓座,Q,2,,,123,123,printed,,0,0,0,0,
hkcc-ch,Balcony,樓座,Q,2,,,124,124,printed,,0,0,0,0,
hkcc-ch,Balcony,樓座,Q,2,,,125,125,printed,,0,0,0,0,
hkcc-ch,Balcony,樓座,Q,2,,,126,126,printed,,0,0,0,0,
hkcc-ch,Balcony,樓座,Q,2,,,127,127,printed,,0,0,0,0,
hkcc-ch,Balcony,樓座,Q,2,,,128,128,printed,,0,0,0,0,
hkcc-ch,Balcony,樓座,R,1,,,113,113,printed,,0,0,0,0,
hkcc-ch,Balcony,樓座,R,1,,,114,114,printed,,0,0,0,0,
hkcc-ch,Balcony,樓座,R,1,,,115,115,printed,,0,0,0,0,
hkcc-ch,Balcony,樓座,R,1,,,116,116,printed,,0,0,0,0,
hkcc-ch,Balcony,樓座,R,1,,,117,117,printed,,0,0,0,0,
hkcc-ch,Balcony,樓座,R,1,,,118,118,printed,,0,0,0,0,
hkcc-ch,Balcony,樓座,R,1,,,119,119,printed,,0,0,0,0,
hkcc-ch,Balcony,樓座,R,1,,,120,120,printed,,0,0,0,0,
hkcc-ch,Balcony,樓座,R,1,,,121,121,printed,,0,0,0,0,
hkcc-ch,Balcony,樓座,R,1,,,122,122,printed,,0,0,0,0,
hkcc-ch,Balcony,樓座,R,1,,,123,123,printed,,0,0,0,0,
hkcc-ch,Balcony,樓座,R,1,,,124,124,printed,,0,0,0,0,
hkcc-ch,Balcony,樓座,R,1,,,125,125,printed,,0,0,0,0,
hkcc-ch,Balcony,樓座,R,1,,,126,126,printed,,0,0,0,0,
hkcc-ch,Balcony,樓座,R,1,,,127,127,printed,,0,0,0,0,
hkcc-ch,Balcony,樓座,Wheel Chair Box,1,,,7,7,printed,W,1,0,0,0,
hkcc-ch,Balcony,樓座,Wheel Chair Box,1,,,8,8,printed,W,1,0,0,0,
hkcc-ch,Balcony,樓座,Wheel Chair Box,1,,,9,9,printed,W,1,0,0,0,
hkcc-ch,Balcony,樓座,Wheel Chair Box,1,,,10,10,printed,W,1,0,0,0,
hkcc-ch,V.I.P. Boxes,貴賓廂座,Box 1,1,,,1,1,printed,,0,0,0,0,
hkcc-ch,V.I.P. Boxes,貴賓廂座,Box 1,1,,,2,2,printed,,0,0,0,0,
hkcc-ch,V.I.P. Boxes,貴賓廂座,Box 1,1,,,3,3,printed,,0,0,0,0,
hkcc-ch,V.I.P. Boxes,貴賓廂座,Box 1,1,,,4,4,printed,,0,0,0,0,
hkcc-ch,V.I.P. Boxes,貴賓廂座,Box 1,1,,,5,5,printed,,0,0,0,0,
hkcc-ch,V.I.P. Boxes,貴賓廂座,Box 1,1,,,6,6,printed,,0,0,0,0,
hkcc-ch,V.I.P. Boxes,貴賓廂座,Box 1,1,,,7,7,printed,,0,0,0,0,
hkcc-ch,V.I.P. Boxes,貴賓廂座,Box 1,1,,,8,8,printed,,0,0,0,0,
hkcc-ch,V.I.P. Boxes,貴賓廂座,Box 1,1,,,9,9,printed,,0,0,0,0,
hkcc-ch,V.I.P. Boxes,貴賓廂座,Box 1,1,,,10,10,printed,,0,0,0,0,
hkcc-ch,V.I.P. Boxes,貴賓廂座,Box 2,1,,,1,1,printed,,0,0,0,0,
hkcc-ch,V.I.P. Boxes,貴賓廂座,Box 2,1,,,2,2,printed,,0,0,0,0,
hkcc-ch,V.I.P. Boxes,貴賓廂座,Box 2,1,,,3,3,printed,,0,0,0,0,
hkcc-ch,V.I.P. Boxes,貴賓廂座,Box 2,1,,,4,4,printed,,0,0,0,0,
